mktime,interests,profit,value,daily_value,all_profit,close_profit,prosition_profit,settle_available_cash,position_cost,fee,retrace,value_chg,log_chg,last_profit,max_profit
20160105,400557.19,557.19,1.0,1.0,557.19,0.0,648.66,399908.54,53537.88,91.46,0.14,0.0014,0.0014,0.0,0.0
20160106,404525.64,3968.44,1.01,1.01,4525.64,3870.93,540.21,403428.23,156780.41,442.7,0.99,0.0099,0.0099,557.19,557.19
20160107,410779.07,6253.44,1.03,1.02,10779.07,8194.55,-1388.96,407642.4,31726.57,552.15,1.55,0.0155,0.0153,4525.64,4525.64
20160108,411053.59,274.51,1.03,1.0,11053.59,-51.25,617.92,399656.6,111880.18,292.15,0.07,0.0007,0.0007,10779.07,10779.07
20160111,411891.46,837.87,1.03,1.0,11891.46,2425.26,-1096.19,401934.07,48917.92,491.19,0.2,0.002,0.002,11053.59,11053.59
20160112,408038.27,-3853.19,1.02,0.99,8038.27,-2561.52,-942.53,397089.34,88498.14,349.14,-0.94,-0.0094,-0.0094,11891.46,11891.46
20160113,404147.87,-3890.4,1.01,0.99,4147.87,-1754.24,-1718.08,397827.69,82202.3,418.07,-1.88,-0.0095,-0.0096,8038.27,11891.46
20160114,404812.43,664.56,1.01,1.0,4812.43,380.86,724.59,399939.97,37668.55,440.89,-1.72,0.0016,0.0016,4147.87,11891.46
20160115,407227.81,2415.38,1.02,1.01,7227.81,2800.93,-211.82,402627.21,15940.67,173.72,-1.13,0.006,0.0059,4812.43,11891.46
20160118,407486.87,259.05,1.02,1.0,7486.87,197.71,210.15,400048.91,32191.39,148.8,-1.07,0.0006,0.0006,7227.81,11891.46
20160119,409594.69,2107.82,1.02,1.01,9594.69,1360.81,990.1,401117.72,62283.26,243.09,-0.56,0.0052,0.0052,7486.87,11891.46
20160120,412698.61,3103.92,1.03,1.01,12698.61,3432.22,-171.26,403275.17,34896.67,157.05,0.2,0.0076,0.0075,9594.69,11891.46
20160121,410491.17,-2207.44,1.03,0.99,10491.17,-686.26,-1275.3,399067.86,41476.82,245.88,-0.53,-0.0053,-0.0054,12698.61,12698.61
20160122,409922.99,-568.18,1.02,1.0,9922.99,-761.39,400.97,399030.86,30848.61,207.75,-0.67,-0.0014,-0.0014,10491.17,12698.61
20160125,410881.48,958.48,1.03,1.0,10881.48,1524.8,-378.82,401337.3,76021.78,187.5,-0.44,0.0023,0.0023,9922.99,12698.61
20160126,404763.6,-6117.87,1.01,0.99,4763.6,-3947.2,-1827.77,395709.9,34954.36,342.9,-1.92,-0.0149,-0.015,10881.48,12698.61
20160127,403609.35,-1154.26,1.01,1.0,3609.35,-2461.8,1554.05,397291.7,42511.26,246.5,-2.2,-0.0029,-0.0029,4763.6,12698.61
20160128,402843.94,-765.41,1.01,1.0,2843.94,217.37,-733.61,399968.2,44984.05,249.17,-2.39,-0.0019,-0.0019,3609.35,12698.61
20160129,403274.52,430.58,1.01,1.0,3274.52,491.9,161.74,400268.84,10935.96,223.06,-2.28,0.0011,0.0011,2843.94,12698.61
20160201,403327.71,53.2,1.01,1.0,3327.71,254.18,-95.66,400148.86,16782.36,105.32,-2.27,0.0001,0.0001,3274.52,12698.61
20160202,403926.23,598.52,1.01,1.0,3926.23,148.6,639.53,399958.99,41405.54,189.61,-2.13,0.0015,0.0015,3327.71,12698.61
20160203,404056.59,130.36,1.01,1.0,4056.59,193.38,87.49,400042.87,20778.34,150.51,-2.09,0.0003,0.0003,3926.23,12698.61
20160204,404691.68,635.09,1.01,1.0,4691.68,138.83,612.36,400022.73,43292.37,116.1,-1.94,0.0016,0.0016,4056.59,12698.61
20160205,402713.69,-1978.0,1.01,1.0,2713.69,191.15,-1929.54,399951.54,70222.53,239.61,-2.42,-0.0049,-0.0049,4691.68,12698.61
20160215,401892.88,-820.81,1.0,1.0,1892.88,-1409.78,971.22,398207.97,32853.57,382.25,-2.62,-0.002,-0.002,2713.69,12698.61
20160216,404627.47,2734.59,1.01,1.01,4627.47,2064.0,846.95,401887.64,44419.53,176.36,-1.96,0.0068,0.0068,1892.88,12698.61
20160217,406652.07,2024.6,1.02,1.01,6652.07,1838.2,321.42,401703.18,14542.18,135.02,-1.47,0.005,0.005,4627.47,12698.61
20160218,407001.54,349.47,1.02,1.0,7001.54,306.1,192.81,400156.66,60013.46,149.44,-1.38,0.0009,0.0009,6652.07,12698.61
20160219,406981.74,-19.79,1.02,1.0,6981.74,635.67,-415.63,400395.83,84240.41,239.84,-1.39,-0.0,-0.0,7001.54,12698.61
20160222,408823.76,1842.02,1.02,1.0,8823.76,1799.68,377.85,401464.17,88732.41,335.51,-0.94,0.0045,0.0045,6981.74,12698.61
20160223,411473.07,2649.31,1.03,1.01,11473.07,2131.27,862.71,401786.6,59452.54,344.67,-0.3,0.0065,0.0065,8823.76,12698.61
20160224,412721.11,1248.05,1.03,1.0,12721.11,1606.98,-69.94,401317.99,66652.84,288.99,0.01,0.003,0.003,11473.07,12698.61
20160225,411240.09,-1481.02,1.03,1.0,11240.09,361.04,-1502.15,400021.13,42671.55,339.91,-0.36,-0.0036,-0.0036,12721.11,12721.11
20160226,408284.64,-2955.45,1.02,0.99,8284.64,-2449.93,-275.62,397320.17,36568.5,229.9,-1.07,-0.0072,-0.0072,11240.09,12721.11
20160229,406714.4,-1570.24,1.02,1.0,6714.4,-1226.91,-153.73,398583.49,17532.53,189.6,-1.46,-0.0038,-0.0039,8284.64,12721.11
20160301,407539.18,824.78,1.02,1.0,7539.18,190.35,810.97,400013.8,35411.92,176.55,-1.26,0.002,0.002,6714.4,12721.11
20160302,409742.16,2202.98,1.02,1.01,9742.16,1981.94,478.7,401724.28,30010.98,257.66,-0.72,0.0054,0.0054,7539.18,12721.11
20160303,410491.53,749.37,1.03,1.0,10491.53,911.59,-56.59,400805.96,9123.39,105.63,-0.54,0.0018,0.0018,9742.16,12721.11
20160304,408959.37,-1532.16,1.02,1.0,8959.37,-221.27,-1190.42,399658.26,28654.49,120.47,-0.91,-0.0037,-0.0037,10491.53,12721.11
20160307,408625.72,-333.65,1.02,1.0,8625.72,-577.93,402.47,399263.88,38847.43,158.19,-0.99,-0.0008,-0.0008,8959.37,12721.11
20160308,408564.41,-61.31,1.02,1.0,8564.41,-1028.02,1225.72,398712.97,49858.06,259.01,-1.01,-0.0002,-0.0002,8625.72,12721.11
20160309,408641.15,76.74,1.02,1.0,8641.15,701.69,-387.51,400464.25,19615.31,237.44,-0.99,0.0002,0.0002,8564.41,12721.11
20160310,407529.8,-1111.35,1.02,1.0,7529.8,-671.64,-321.82,399210.47,11890.62,117.89,-1.26,-0.0027,-0.0027,8641.15,12721.11
20160311,406649.3,-880.5,1.02,1.0,6649.3,-679.22,-99.87,399219.36,21854.41,101.42,-1.47,-0.0022,-0.0022,7529.8,12721.11
20160314,407335.73,686.44,1.02,1.0,7335.73,474.9,346.39,400340.05,51578.45,134.85,-1.3,0.0017,0.0017,6649.3,12721.11
20160315,407615.01,279.28,1.02,1.0,7615.01,638.94,-232.68,400511.96,22118.13,126.98,-1.24,0.0007,0.0007,7335.73,12721.11
20160316,406951.8,-663.22,1.02,1.0,6951.8,-176.87,-347.22,399684.0,31223.08,139.13,-1.4,-0.0016,-0.0016,7615.01,12721.11
20160317,408573.68,1621.88,1.02,1.0,8573.68,788.64,1043.95,400577.93,46758.41,210.71,-1.0,0.004,0.004,6951.8,12721.11
20160318,411174.84,2601.16,1.03,1.01,11174.84,2537.9,221.68,402379.48,12361.12,158.42,-0.37,0.0064,0.0063,8573.68,12721.11
20160321,411773.78,598.94,1.03,1.0,11773.78,494.47,189.35,400409.59,27467.6,84.88,-0.23,0.0015,0.0015,11174.84,12721.11
20160322,412201.59,427.81,1.03,1.0,12201.59,680.45,-105.84,400533.65,35701.9,146.8,-0.13,0.001,0.001,11773.78,12721.11
20160323,412957.19,755.6,1.03,1.0,12957.19,544.62,411.57,400344.03,42928.67,200.59,0.06,0.0018,0.0018,12201.59,12721.11
20160324,413154.95,197.76,1.03,1.0,13154.95,1459.22,-1023.69,401221.45,68767.62,237.77,0.05,0.0005,0.0005,12957.19,12957.19
20160325,409787.45,-3367.5,1.02,0.99,9787.45,-1524.55,-1499.44,398131.94,74104.96,343.51,-0.82,-0.0082,-0.0082,13154.95,13154.95
20160328,407227.07,-2560.39,1.02,0.99,7227.07,-1339.02,-917.14,398356.75,47567.4,304.23,-1.43,-0.0062,-0.0063,9787.45,13154.95
20160329,405292.22,-1934.85,1.01,1.0,5292.22,-832.47,-840.31,398905.46,41498.3,262.07,-1.9,-0.0048,-0.0048,7227.07,13154.95
20160330,406552.0,1259.78,1.02,1.0,6552.0,716.3,700.13,400559.65,32995.62,156.65,-1.6,0.0031,0.0031,5292.22,13154.95
20160331,407910.79,1358.79,1.02,1.0,7910.79,1438.99,28.46,401330.33,15341.94,108.66,-1.27,0.0033,0.0033,6552.0,13154.95
20160401,407330.77,-580.03,1.02,1.0,7330.77,-115.0,-289.88,399709.86,56858.87,175.14,-1.41,-0.0014,-0.0014,7910.79,13154.95
20160405,409341.92,2011.16,1.02,1.0,9341.92,1500.39,753.14,401258.02,41349.64,242.37,-0.92,0.0049,0.0049,7330.77,13154.95
20160406,410434.36,1092.44,1.03,1.0,10434.36,1423.06,-192.76,401285.2,38782.01,137.86,-0.66,0.0027,0.0027,9341.92,13154.95
20160407,409121.83,-1312.53,1.02,1.0,9121.83,-239.32,-838.77,399526.24,57705.09,234.44,-0.98,-0.0032,-0.0032,10434.36,13154.95
20160408,408719.53,-402.3,1.02,1.0,8719.53,-243.33,127.9,399469.79,60183.8,286.88,-1.07,-0.001,-0.001,9121.83,13154.95
20160411,409774.03,1054.5,1.02,1.0,9774.03,812.88,427.67,400626.83,107647.01,186.05,-0.82,0.0026,0.0026,8719.53,13154.95
20160412,407232.56,-2541.47,1.02,0.99,7232.56,-1841.22,-344.32,397802.85,55082.05,355.93,-1.43,-0.0062,-0.0062,9774.03,13154.95
20160413,408054.32,821.76,1.02,1.0,8054.32,843.32,198.14,400623.62,69584.17,219.7,-1.23,0.002,0.002,7232.56,13154.95
20160414,409266.46,1212.14,1.02,1.0,9266.46,1342.17,77.96,401134.17,83939.65,208.0,-0.94,0.003,0.003,8054.32,13154.95
20160415,408712.96,-553.49,1.02,1.0,8712.96,543.1,-900.77,400347.27,88211.67,195.83,-1.08,-0.0014,-0.0014,9266.46,13154.95
20160418,405642.93,-3070.03,1.01,0.99,5642.93,-2380.48,-366.25,397296.23,57104.22,323.29,-1.82,-0.0075,-0.0075,8712.96,13154.95
20160419,406254.53,611.6,1.02,1.0,6254.53,830.45,73.57,400538.03,86137.32,292.42,-1.67,0.0015,0.0015,5642.93,13154.95
20160420,406320.47,65.93,1.02,1.0,6320.47,1257.29,-788.27,400854.2,61460.92,403.09,-1.65,0.0002,0.0002,6254.53,13154.95
20160421,406998.82,678.35,1.02,1.0,6998.82,1240.02,-222.8,400901.14,35671.62,338.88,-1.49,0.0017,0.0017,6320.47,13154.95
20160422,406983.72,-15.09,1.02,1.0,6983.72,394.82,-174.07,400158.97,53129.1,235.85,-1.49,-0.0,-0.0,6998.82,13154.95
20160425,407341.72,358.0,1.02,1.0,7341.72,795.75,-200.02,400558.01,44883.81,237.74,-1.41,0.0009,0.0009,6983.72,13154.95
20160426,408858.57,1516.86,1.02,1.0,8858.57,1452.12,318.66,401198.2,53020.1,253.92,-1.04,0.0037,0.0037,7341.72,13154.95
20160427,410364.14,1505.56,1.03,1.0,10364.14,1849.38,-156.24,401661.8,49833.87,187.58,-0.68,0.0037,0.0037,8858.57,13154.95
20160428,410733.77,369.63,1.03,1.0,10733.77,573.99,12.76,400356.88,49555.35,217.11,-0.59,0.0009,0.0009,10364.14,13154.95
20160429,410724.03,-9.74,1.03,1.0,10724.03,954.73,-742.03,400732.29,73953.51,222.44,-0.59,-0.0,-0.0,10733.77,13154.95
20160503,413018.62,2294.58,1.03,1.01,13018.62,1358.24,1214.33,401080.25,51711.8,277.99,-0.03,0.0056,0.0056,10724.03,13154.95
20160504,414606.51,1587.89,1.04,1.0,14606.51,1767.53,-78.62,401666.51,40013.64,101.02,0.35,0.0038,0.0038,13018.62,13154.95
20160505,415042.79,436.28,1.04,1.0,15042.79,5.51,581.31,399854.97,82766.98,150.54,0.11,0.0011,0.0011,14606.51,14606.51
20160506,413927.08,-1115.71,1.03,1.0,13927.08,643.67,-1409.67,400293.96,66024.18,349.71,-0.27,-0.0027,-0.0027,15042.79,15042.79
20160509,410682.03,-3245.05,1.03,0.99,10682.03,-2560.88,-417.77,397172.72,46475.3,266.4,-1.05,-0.0078,-0.0079,13927.08,15042.79
20160510,409711.99,-970.03,1.02,1.0,9711.99,-653.46,-121.2,399151.17,44646.56,195.37,-1.28,-0.0024,-0.0024,10682.03,15042.79
20160511,410307.29,595.3,1.03,1.0,10307.29,1680.71,-891.25,401486.55,39942.6,194.16,-1.14,0.0015,0.0015,9711.99,15042.79
20160512,409569.08,-738.21,1.02,1.0,9569.08,-856.51,303.68,398958.11,33512.23,185.38,-1.32,-0.0018,-0.0018,10307.29,15042.79
20160513,410459.68,890.6,1.03,1.0,10459.68,851.22,171.49,400719.11,45361.62,132.11,-1.1,0.0022,0.0022,9569.08,15042.79
20160516,411915.32,1455.64,1.03,1.0,11915.32,924.19,694.7,400760.94,35447.11,163.25,-0.75,0.0035,0.0035,10459.68,15042.79
20160517,412610.31,694.99,1.03,1.0,12610.31,1026.35,-206.46,400901.45,37358.77,124.9,-0.59,0.0017,0.0017,11915.32,15042.79
20160518,411754.86,-855.45,1.03,1.0,11754.86,-634.52,3.23,399141.32,51068.59,224.16,-0.79,-0.0021,-0.0021,12610.31,15042.79
20160519,413273.3,1518.44,1.03,1.0,13273.3,1656.0,11.92,401506.52,36857.17,149.48,-0.43,0.0037,0.0037,11754.86,15042.79
20160520,414789.73,1516.42,1.04,1.0,14789.73,834.17,860.1,400656.32,63155.05,177.85,-0.06,0.0037,0.0037,13273.3,15042.79
20160523,417152.19,2362.46,1.04,1.01,17152.19,2079.03,489.75,401872.71,44088.05,206.32,0.51,0.0057,0.0057,14789.73,15042.79
20160524,416688.98,-463.2,1.04,1.0,16688.98,-186.81,-87.64,399624.43,61389.3,188.76,-0.11,-0.0011,-0.0011,17152.19,17152.19
20160525,416515.28,-173.7,1.04,1.0,16515.28,556.44,-558.23,400384.52,59721.33,171.92,-0.15,-0.0004,-0.0004,16688.98,17152.19
20160526,416680.76,165.48,1.04,1.0,16680.76,-774.57,1177.51,398987.97,53218.57,237.46,-0.11,0.0004,0.0004,16515.28,17152.19
20160527,417920.64,1239.88,1.04,1.0,17920.64,1613.14,-214.9,401454.78,46056.52,158.36,0.18,0.003,0.003,16680.76,17152.19
20160530,417617.5,-303.14,1.04,1.0,17617.5,-318.33,226.1,399470.76,46272.99,210.91,-0.07,-0.0007,-0.0007,17920.64,17920.64
20160531,419421.55,1804.05,1.05,1.0,19421.55,1010.97,954.39,400849.66,42763.53,161.31,0.36,0.0043,0.0043,17617.5,17920.64
20160601,421497.09,2075.54,1.05,1.0,21497.09,1760.17,402.47,401673.07,20341.04,87.1,0.49,0.0049,0.0049,19421.55,19421.55
20160602,422122.3,625.21,1.06,1.0,22122.3,417.01,312.39,400312.82,41798.92,104.19,0.15,0.0015,0.0015,21497.09,21497.09
20160603,422502.23,379.93,1.06,1.0,22502.23,773.62,-181.47,400561.4,88409.43,212.22,0.09,0.0009,0.0009,22122.3,22122.3
20160606,418682.18,-3820.04,1.05,0.99,18682.18,-3277.24,-260.8,396440.75,94139.52,282.01,-0.9,-0.009,-0.0091,22502.23,22502.23
20160607,411749.92,-6932.26,1.03,0.98,11749.92,-7591.98,842.31,392225.43,83709.36,182.59,-2.54,-0.0166,-0.0167,18682.18,22502.23
20160608,405025.62,-6724.3,1.01,0.98,5025.62,-6625.44,251.5,393024.2,94984.15,350.36,-4.14,-0.0163,-0.0165,11749.92,22502.23
20160613,403450.68,-1574.94,1.01,1.0,3450.68,136.94,-1360.15,399785.21,54045.75,351.73,-4.51,-0.0039,-0.0039,5025.62,22502.23
20160614,401950.13,-1500.55,1.0,1.0,1950.13,-1600.69,345.91,398153.54,47921.66,245.77,-4.86,-0.0037,-0.0037,3450.68,22502.23
20160615,404603.88,2653.75,1.01,1.01,4603.88,2361.54,549.55,402104.2,37890.12,257.34,-4.24,0.0066,0.0066,1950.13,22502.23
20160616,405663.12,1059.24,1.01,1.0,5663.12,862.72,296.03,400763.21,34185.64,99.51,-3.99,0.0026,0.0026,4603.88,22502.23
20160617,405209.84,-453.28,1.01,1.0,5209.84,-300.74,71.97,399474.75,104161.29,224.51,-4.09,-0.0011,-0.0011,5663.12,22502.23
20160620,408740.08,3530.24,1.02,1.01,8740.08,4066.81,-147.07,403677.32,63690.3,389.49,-3.26,0.0087,0.0087,5209.84,22502.23
20160621,408532.52,-207.57,1.02,1.0,8532.52,176.15,-158.52,399950.96,52501.87,225.19,-3.31,-0.0005,-0.0005,8740.08,22502.23
20160622,409472.4,939.88,1.02,1.0,9472.4,893.63,326.76,400613.12,64059.14,280.51,-3.08,0.0023,0.0023,8532.52,22502.23
20160623,411185.65,1713.25,1.03,1.0,11185.65,2556.56,-562.97,402276.22,50210.11,280.34,-2.68,0.0042,0.0042,9472.4,22502.23
20160624,410588.59,-597.06,1.03,1.0,10588.59,-543.93,185.26,399217.67,42453.17,238.4,-2.82,-0.0015,-0.0015,11185.65,22502.23
20160627,411818.01,1229.43,1.03,1.0,11818.01,1190.7,271.82,400957.61,95037.3,233.09,-2.53,0.003,0.003,10588.59,22502.23
20160628,417526.16,5708.15,1.04,1.01,17526.16,5962.44,16.29,405691.86,42626.82,270.58,-1.18,0.0139,0.0138,11818.01,22502.23
20160629,417416.09,-110.07,1.04,1.0,17416.09,72.14,-54.92,399944.85,58567.89,127.29,-1.2,-0.0003,-0.0003,17526.16,22502.23
20160630,417741.4,325.31,1.04,1.0,17741.4,890.32,-246.77,400572.09,139941.43,318.23,-1.13,0.0008,0.0008,17416.09,22502.23
20160701,421495.13,3753.72,1.05,1.01,21495.13,4555.96,-389.84,404143.56,86541.77,412.4,-0.24,0.009,0.0089,17741.4,22502.23
20160704,424057.33,2562.21,1.06,1.01,24057.33,2084.83,821.0,401741.21,101846.14,343.62,0.37,0.0061,0.0061,21495.13,22502.23
20160705,427623.1,3565.76,1.07,1.01,27623.1,3792.61,41.65,403524.11,110459.92,268.5,0.84,0.0084,0.0084,24057.33,24057.33
20160706,428436.11,813.01,1.07,1.0,28436.11,1019.37,151.61,400661.4,95996.63,357.97,0.19,0.0019,0.0019,27623.1,27623.1
20160707,428093.32,-342.79,1.07,1.0,28093.32,170.16,-181.98,399839.19,85361.37,330.97,-0.08,-0.0008,-0.0008,28436.11,28436.11
20160708,429651.88,1558.56,1.07,1.0,29651.88,2496.32,-604.99,402163.55,104067.72,332.77,0.28,0.0036,0.0036,28093.32,28436.11
20160711,430015.83,363.95,1.08,1.0,30015.83,724.33,25.06,400338.89,118599.84,385.44,0.08,0.0008,0.0008,29651.88,29651.88
20160712,432377.47,2361.64,1.08,1.01,32377.47,1626.52,1153.09,401208.56,89443.61,417.96,0.55,0.0055,0.0055,30015.83,30015.83
20160713,434263.47,1886.0,1.09,1.0,34263.47,2768.64,-557.82,402443.82,98421.25,324.82,0.44,0.0044,0.0044,32377.47,32377.47
20160714,436446.69,2183.21,1.09,1.01,36446.69,2431.94,68.27,402114.95,76267.56,316.99,0.5,0.005,0.005,34263.47,34263.47
20160715,437414.71,968.03,1.09,1.0,37414.71,1862.85,-674.64,401642.66,71738.4,220.19,0.22,0.0022,0.0022,36446.69,36446.69
20160718,438534.78,1120.06,1.1,1.0,38534.78,1740.15,-294.64,401414.7,123251.4,325.45,0.26,0.0026,0.0026,37414.71,37414.71
20160719,441953.8,3419.02,1.1,1.01,41953.8,3936.04,-131.44,403550.46,63017.68,385.58,0.78,0.0078,0.0078,38534.78,38534.78
20160720,442401.91,448.11,1.11,1.0,42401.91,1561.85,-800.55,401248.66,101744.76,313.19,0.1,0.001,0.001,41953.8,41953.8
20160721,442998.68,596.77,1.11,1.0,42998.68,2142.19,-1176.11,401772.88,83616.75,369.31,0.13,0.0013,0.0013,42401.91,42401.91
20160722,442476.89,-521.79,1.11,1.0,42476.89,42.02,-291.53,399769.74,59912.66,272.28,-0.12,-0.0012,-0.0012,42998.68,42998.68
20160725,442064.97,-411.92,1.11,1.0,42064.97,318.62,-564.33,400152.41,60451.57,166.21,-0.21,-0.0009,-0.0009,42476.89,42998.68
20160726,442304.15,239.18,1.11,1.0,42304.15,495.53,-56.04,400295.22,70672.84,200.31,-0.16,0.0005,0.0005,42064.97,42998.68
20160727,441803.76,-500.39,1.1,1.0,41803.76,114.54,-297.56,399797.17,29447.79,317.37,-0.27,-0.0011,-0.0011,42304.15,42998.68
20160728,441865.49,61.73,1.1,1.0,41865.49,-151.44,389.02,399672.71,43130.06,175.85,-0.26,0.0001,0.0001,41803.76,42998.68
20160729,442214.77,349.28,1.11,1.0,42214.77,837.94,-285.45,400634.72,37863.44,203.22,-0.18,0.0008,0.0008,41865.49,42998.68
20160801,442266.62,51.85,1.11,1.0,42266.62,447.62,-200.67,400252.51,24063.0,195.11,-0.17,0.0001,0.0001,42214.77,42998.68
20160802,441833.81,-432.81,1.1,1.0,41833.81,-258.34,-83.73,399650.93,27852.13,90.73,-0.26,-0.001,-0.001,42266.62,42998.68
20160803,443258.0,1424.19,1.11,1.0,43258.0,1358.06,187.31,401236.88,44595.23,121.18,0.06,0.0032,0.0032,41833.81,42998.68
20160804,444833.55,1575.56,1.11,1.0,44833.55,2040.84,-293.99,401869.55,67279.96,171.29,0.36,0.0036,0.0035,43258.0,43258.0
20160805,445461.67,628.11,1.11,1.0,45461.67,837.08,34.32,400593.79,73181.58,243.29,0.14,0.0014,0.0014,44833.55,44833.55
20160808,445463.69,2.03,1.11,1.0,45463.69,80.97,164.83,399837.2,55131.76,243.77,0.0,0.0,0.0,45461.67,45461.67
20160809,447007.94,1544.25,1.12,1.0,47007.94,1175.06,559.24,400985.01,76586.91,190.05,0.35,0.0035,0.0035,45463.69,45463.69
20160810,448213.39,1205.45,1.12,1.0,48213.39,1676.63,-232.76,401438.21,90101.25,238.42,0.27,0.0027,0.0027,47007.94,47007.94
20160811,448599.9,386.51,1.12,1.0,48599.9,924.66,-279.95,400666.46,66154.92,258.2,0.09,0.0009,0.0009,48213.39,48213.39
20160812,450516.53,1916.63,1.13,1.0,50516.53,1423.23,666.31,401250.32,70598.15,172.91,0.43,0.0043,0.0043,48599.9,48599.9
20160815,453564.86,3048.33,1.13,1.01,53564.86,2793.09,491.59,402556.74,60567.23,236.35,0.68,0.0068,0.0067,50516.53,50516.53
20160816,456611.37,3046.51,1.14,1.01,56611.37,3057.82,207.9,402838.61,50658.62,219.21,0.67,0.0067,0.0067,53564.86,53564.86
20160817,455697.68,-913.69,1.14,1.0,55697.68,386.89,-995.09,400081.4,107627.15,305.49,-0.2,-0.002,-0.002,56611.37,56611.37
20160818,459192.05,3494.37,1.15,1.01,59192.05,4171.55,-331.41,403825.78,70335.0,345.77,0.57,0.0077,0.0076,55697.68,56611.37
20160819,460566.6,1374.55,1.15,1.0,60566.6,2341.1,-722.12,402096.67,77150.22,244.43,0.3,0.003,0.003,59192.05,59192.05
20160822,459095.12,-1471.47,1.15,1.0,59095.12,530.29,-1583.24,400111.76,121686.57,418.53,-0.32,-0.0032,-0.0032,60566.6,60566.6
20160823,460395.71,1300.59,1.15,1.0,60395.71,1594.51,172.52,401128.07,71428.68,466.44,-0.04,0.0028,0.0028,59095.12,60566.6
20160824,463176.31,2780.59,1.16,1.01,63176.31,3433.52,-343.75,403124.34,77805.88,309.18,0.57,0.006,0.006,60395.71,60566.6
20160825,465700.08,2523.77,1.16,1.01,65700.08,2517.43,290.9,402232.88,42512.25,284.55,0.54,0.0054,0.0054,63176.31,63176.31
20160826,465663.49,-36.59,1.16,1.0,65663.49,496.75,-259.32,400222.73,106689.0,274.02,-0.01,-0.0001,-0.0001,65700.08,65700.08
20160829,467692.43,2028.94,1.17,1.0,67692.43,2654.78,-243.81,402272.75,65042.76,382.03,0.43,0.0044,0.0043,65663.49,65700.08
20160830,468806.08,1113.65,1.17,1.0,68806.08,1956.31,-612.51,401726.16,51079.52,230.15,0.24,0.0024,0.0024,67692.43,67692.43
20160831,468315.55,-490.53,1.17,1.0,68315.55,-124.46,-68.28,399577.74,101535.75,297.8,-0.1,-0.001,-0.001,68806.08,68806.08
20160901,474373.46,6057.91,1.19,1.01,74373.46,6689.2,-288.18,406346.09,90413.84,343.11,1.19,0.0129,0.0129,68315.55,68806.08
20160902,476302.69,1929.23,1.19,1.0,76302.69,2339.31,-52.95,401982.18,117313.09,357.13,0.41,0.0041,0.0041,74373.46,74373.46
20160905,480732.47,4429.79,1.2,1.01,80732.47,4894.46,-120.81,404550.59,63207.14,343.87,0.93,0.0093,0.0093,76302.69,76302.69
20160906,483439.53,2707.06,1.21,1.01,83439.53,2521.16,451.12,402255.94,108515.77,265.22,0.56,0.0056,0.0056,80732.47,80732.47
20160907,485138.15,1698.61,1.21,1.0,85138.15,2414.01,-434.14,402132.76,87620.01,281.25,0.35,0.0035,0.0035,83439.53,83439.53
20160908,486505.64,1367.5,1.22,1.0,86505.64,1645.92,38.02,401329.48,82916.22,316.44,0.28,0.0028,0.0028,85138.15,85138.15
20160909,488135.2,1629.56,1.22,1.0,88135.2,3032.9,-1142.44,402772.0,63568.84,260.9,0.33,0.0033,0.0033,86505.64,86505.64
20160912,485313.08,-2822.12,1.21,0.99,85313.08,-1602.51,-887.78,398065.66,89805.66,331.83,-0.58,-0.0058,-0.0058,88135.2,88135.2
20160913,486089.16,776.08,1.22,1.0,86089.16,877.9,142.49,400633.59,41297.22,244.31,-0.42,0.0016,0.0016,85313.08,88135.2
20160914,486495.91,406.75,1.22,1.0,86495.91,821.49,-191.21,400597.95,79830.19,223.54,-0.34,0.0008,0.0008,86089.16,88135.2
20160919,488971.37,2475.46,1.22,1.01,88971.37,2562.3,164.82,402310.64,71823.69,251.66,0.17,0.0051,0.0051,86495.91,88135.2
20160920,490026.37,1055.0,1.23,1.0,90026.37,1313.61,-12.48,401067.48,76995.59,246.13,0.22,0.0022,0.0022,88971.37,88971.37
20160921,489429.85,-596.52,1.22,1.0,89429.85,438.55,-807.97,400211.45,80725.08,227.1,-0.12,-0.0012,-0.0012,90026.37,90026.37
20160922,489631.74,201.89,1.22,1.0,89631.74,148.1,228.27,399973.63,68592.7,174.47,-0.08,0.0004,0.0004,89429.85,90026.37
20160923,489890.65,258.91,1.22,1.0,89890.65,844.95,-380.3,400639.21,66480.61,205.74,-0.03,0.0005,0.0005,89631.74,90026.37
20160926,487572.08,-2318.58,1.22,1.0,87572.08,-1271.42,-773.34,398454.77,67396.49,273.81,-0.5,-0.0047,-0.0047,89890.65,90026.37
20160927,487182.23,-389.84,1.22,1.0,87182.23,348.26,-530.51,400140.67,43476.86,207.59,-0.58,-0.0008,-0.0008,87572.08,90026.37
20160928,486230.19,-952.05,1.22,1.0,86230.19,-628.61,-153.34,399201.3,49476.17,170.09,-0.77,-0.002,-0.002,87182.23,90026.37
20160929,487316.32,1086.13,1.22,1.0,87316.32,1143.83,69.13,401016.99,41558.76,126.84,-0.55,0.0022,0.0022,86230.19,90026.37
20160930,487345.84,29.52,1.22,1.0,87345.84,31.67,107.31,399922.21,51029.9,109.46,-0.55,0.0001,0.0001,87316.32,90026.37
20161010,488282.43,936.59,1.22,1.0,88282.43,711.28,374.59,400562.0,58625.15,149.28,-0.36,0.0019,0.0019,87345.84,90026.37
20161011,490659.33,2376.9,1.23,1.0,90659.33,2338.77,270.47,402106.43,93103.58,232.34,0.13,0.0049,0.0049,88282.43,90026.37
20161012,492250.33,1591.0,1.23,1.0,92250.33,1366.67,398.87,401192.13,96269.71,174.54,0.32,0.0032,0.0032,90659.33,90659.33
20161013,493567.01,1316.68,1.23,1.0,93567.01,1412.12,93.12,401223.56,116885.94,188.56,0.27,0.0027,0.0027,92250.33,92250.33
20161014,494331.78,764.76,1.24,1.0,94331.78,1569.08,-470.63,401235.4,128049.04,333.68,0.15,0.0015,0.0015,93567.01,93567.01
20161017,494046.44,-285.33,1.24,1.0,94046.44,651.05,-563.4,400278.07,82864.15,372.98,-0.06,-0.0006,-0.0006,94331.78,94331.78
20161018,496446.98,2400.53,1.24,1.0,96446.98,2209.86,465.68,401934.85,102763.38,275.01,0.43,0.0049,0.0048,94046.44,94331.78
20161019,500308.81,3861.83,1.25,1.01,100308.81,3598.75,486.33,403375.5,75947.46,223.25,0.78,0.0078,0.0077,96446.98,96446.98
20161020,499562.8,-746.01,1.25,1.0,99562.8,-74.84,-463.89,399717.88,104822.11,207.28,-0.15,-0.0015,-0.0015,100308.81,100308.81
20161021,501178.43,1615.64,1.25,1.0,101178.43,1863.07,121.37,401494.27,102209.38,368.8,0.17,0.0032,0.0032,99562.8,100308.81
20161024,504892.14,3713.7,1.26,1.01,104892.14,3570.69,519.42,403194.28,106959.86,376.41,0.74,0.0074,0.0074,101178.43,101178.43
20161025,509200.9,4308.76,1.27,1.01,109200.9,5126.24,-548.94,404857.7,80858.95,268.54,0.85,0.0085,0.0085,104892.14,104892.14
20161026,507180.3,-2020.59,1.27,1.0,107180.3,-385.56,-1398.46,399377.87,110147.45,236.57,-0.4,-0.004,-0.004,109200.9,109200.9
20161027,508144.58,964.28,1.27,1.0,108144.58,1907.22,-597.41,401561.69,93456.54,345.53,-0.21,0.0019,0.0019,107180.3,109200.9
20161028,509550.68,1406.1,1.27,1.0,109550.68,2168.05,-509.96,401916.06,71103.16,251.99,0.07,0.0028,0.0028,108144.58,109200.9
20161031,510476.28,925.6,1.28,1.0,110476.28,1381.47,-162.74,401088.34,85111.47,293.13,0.18,0.0018,0.0018,109550.68,109550.68
20161101,514019.31,3543.03,1.29,1.01,114019.31,3609.44,266.46,403276.57,101386.88,332.87,0.69,0.0069,0.0069,110476.28,110476.28
20161102,516604.23,2584.92,1.29,1.01,116604.23,3176.11,-307.44,402892.35,51576.17,283.76,0.5,0.005,0.005,114019.31,114019.31
20161103,516539.62,-64.61,1.29,1.0,116539.62,716.14,-536.55,400471.94,108073.53,244.2,-0.01,-0.0001,-0.0001,116604.23,116604.23
20161104,519697.93,3158.31,1.3,1.01,119697.93,4400.94,-837.34,403995.65,94286.19,405.29,0.6,0.0061,0.0061,116539.62,116604.23
20161107,520368.8,670.87,1.3,1.0,120368.8,1743.93,-758.84,401429.71,69223.0,314.22,0.13,0.0013,0.0013,119697.93,119697.93
20161108,519044.6,-1324.2,1.3,1.0,119044.6,-940.93,-84.89,398760.7,142443.05,298.37,-0.25,-0.0025,-0.0025,120368.8,120368.8
20161109,526962.75,7918.15,1.32,1.02,126962.75,8476.81,-124.16,408042.31,80989.87,434.5,1.27,0.0153,0.0151,119044.6,120368.8
20161110,530586.44,3623.69,1.33,1.01,130586.44,3886.74,74.53,403549.16,142902.64,337.58,0.69,0.0069,0.0069,126962.75,126962.75
20161111,538026.47,7440.03,1.35,1.01,138026.47,8651.93,-787.57,408227.61,89513.65,424.32,1.4,0.014,0.0139,130586.44,130586.44
20161114,536373.52,-1652.95,1.34,1.0,136373.52,-241.61,-1045.02,399392.07,104945.95,366.32,-0.31,-0.0031,-0.0031,138026.47,138026.47
20161115,534644.91,-1728.61,1.34,1.0,134644.91,-663.91,-577.71,398849.09,160762.53,487.0,-0.63,-0.0032,-0.0032,136373.52,138026.47
20161116,537079.39,2434.48,1.34,1.0,137079.39,3661.31,-756.47,403190.95,85652.99,470.36,-0.18,0.0046,0.0045,134644.91,138026.47
20161117,535530.43,-1548.96,1.34,1.0,135530.43,-922.57,-336.49,398787.53,85719.23,289.9,-0.46,-0.0029,-0.0029,137079.39,138026.47
20161118,535959.3,428.87,1.34,1.0,135959.3,1198.03,-439.47,400868.34,96433.77,329.69,-0.38,0.0008,0.0008,135530.43,138026.47
20161121,539264.62,3305.32,1.35,1.01,139264.62,3709.59,-65.59,403370.91,89683.79,338.68,0.23,0.0062,0.0061,135959.3,138026.47
20161122,540527.44,1262.81,1.35,1.0,140527.44,1635.64,-126.06,401388.88,84458.25,246.76,0.23,0.0023,0.0023,139264.62,139264.62
20161123,541422.43,894.99,1.35,1.0,141422.43,2003.15,-812.55,401707.54,116015.43,295.61,0.17,0.0017,0.0017,140527.44,140527.44
20161124,543267.72,1845.29,1.36,1.0,143267.72,3392.32,-1106.92,402952.21,122574.82,440.11,0.34,0.0034,0.0034,141422.43,141422.43
20161125,547813.53,4545.81,1.37,1.01,147813.53,4525.42,465.64,404080.17,125994.35,445.25,0.84,0.0084,0.0083,143267.72,143267.72
20161128,550639.81,2826.28,1.38,1.01,150639.81,3577.89,-407.89,403234.17,51742.62,343.72,0.52,0.0052,0.0051,147813.53,147813.53
20161129,549710.96,-928.85,1.37,1.0,149710.96,687.91,-1410.9,400482.06,79508.27,205.85,-0.17,-0.0017,-0.0017,150639.81,150639.81
20161130,547773.14,-1937.81,1.37,1.0,147773.14,-1314.09,-328.64,398390.82,90729.71,295.09,-0.52,-0.0035,-0.0035,149710.96,150639.81
20161201,552920.84,5147.7,1.38,1.01,152920.84,5846.36,-413.34,405561.04,50419.89,285.32,0.41,0.0094,0.0094,147773.14,150639.81
20161202,553343.22,422.37,1.38,1.0,153343.22,1124.31,-459.89,400882.27,61966.66,242.04,0.08,0.0008,0.0008,152920.84,152920.84
20161205,553431.46,88.24,1.38,1.0,153431.46,827.14,-381.43,400469.67,115985.96,357.47,0.02,0.0002,0.0002,153343.22,153343.22
20161206,559369.6,5938.14,1.4,1.01,159369.6,6462.15,-136.22,406074.36,69211.69,387.79,1.07,0.0107,0.0107,153431.46,153431.46
20161207,561124.53,1754.93,1.4,1.0,161124.53,1357.07,661.39,401093.54,97892.72,263.53,0.31,0.0031,0.0031,159369.6,159369.6
20161208,563543.89,2419.35,1.41,1.0,163543.89,3252.43,-627.29,403046.64,81660.96,205.79,0.43,0.0043,0.0043,161124.53,161124.53
20161209,562183.03,-1360.86,1.41,1.0,162183.03,-762.99,-232.99,398872.13,121460.91,364.88,-0.24,-0.0024,-0.0024,163543.89,163543.89
20161212,560651.87,-1531.15,1.4,1.0,160651.87,-304.13,-745.49,399214.33,51736.45,481.54,-0.51,-0.0027,-0.0027,162183.03,163543.89
20161213,561915.45,1263.58,1.4,1.0,161915.45,502.1,1042.02,400221.56,55510.65,280.54,-0.29,0.0023,0.0023,160651.87,163543.89
20161214,564380.23,2464.78,1.41,1.0,164380.23,3191.61,-485.18,402949.96,53416.92,241.65,0.15,0.0044,0.0044,161915.45,163543.89
20161215,566839.35,2459.11,1.42,1.0,166839.35,2619.12,121.55,402337.57,50553.91,281.55,0.44,0.0044,0.0043,164380.23,164380.23
20161216,568325.24,1485.9,1.42,1.0,168325.24,2206.78,-476.34,401962.24,64017.3,244.54,0.26,0.0026,0.0026,166839.35,166839.35
20161219,568881.49,556.25,1.42,1.0,168881.49,1098.38,-172.58,400728.83,75623.54,369.55,0.1,0.001,0.001,168325.24,168325.24
20161220,571217.98,2336.49,1.43,1.0,171217.98,2894.89,-232.96,402569.44,47835.81,325.45,0.41,0.0041,0.0041,168881.49,168881.49
20161221,570612.91,-605.07,1.43,1.0,170612.91,568.2,-860.18,400255.12,90223.04,313.08,-0.11,-0.0011,-0.0011,171217.98,171217.98
20161222,573217.26,2604.35,1.43,1.0,173217.26,3247.26,-337.8,402942.14,28581.89,305.12,0.35,0.0046,0.0046,170612.91,171217.98
20161223,571313.83,-1903.43,1.43,1.0,171313.83,-542.86,-1177.67,399274.24,44891.13,182.9,-0.33,-0.0033,-0.0033,173217.26,173217.26
20161226,570122.91,-1190.92,1.43,1.0,170122.91,-769.27,-175.75,398984.84,60605.62,245.89,-0.54,-0.0021,-0.0021,171313.83,173217.26
20161227,573705.86,3582.94,1.43,1.01,173705.86,3575.57,219.1,403363.85,45873.94,211.72,0.09,0.0063,0.0063,170122.91,173217.26
20161228,573695.58,-10.27,1.43,1.0,173695.58,132.62,9.26,399980.47,18467.74,152.15,-0.0,-0.0,-0.0,173705.86,173705.86
20161229,572839.59,-856.0,1.43,1.0,172839.59,-107.91,-510.91,399654.91,81053.16,237.18,-0.15,-0.0015,-0.0015,173695.58,173705.86
20161230,575721.54,2881.95,1.44,1.01,175721.54,3616.71,-416.11,403298.06,35283.95,318.65,0.35,0.005,0.005,172839.59,173705.86
20170103,575102.2,-619.34,1.44,1.0,175102.2,-458.66,-19.48,399400.15,32470.77,141.19,-0.11,-0.0011,-0.0011,175721.54,175721.54
20170104,575640.86,538.66,1.44,1.0,175640.86,891.45,-135.81,400674.47,94293.48,216.98,-0.01,0.0009,0.0009,175102.2,175721.54
20170105,577312.2,1671.34,1.44,1.0,177312.2,2305.66,-350.96,402022.3,62460.14,283.36,0.28,0.0029,0.0029,175640.86,175721.54
20170106,576408.87,-903.32,1.44,1.0,176408.87,-414.22,-194.24,399290.92,46832.34,294.86,-0.16,-0.0016,-0.0016,177312.2,177312.2
20170109,577246.24,837.37,1.44,1.0,177246.24,1184.56,-101.3,400938.66,82827.4,245.9,-0.01,0.0015,0.0015,176408.87,177312.2
20170110,580355.07,3108.83,1.45,1.01,180355.07,3896.84,-493.14,403601.97,59964.29,294.87,0.53,0.0054,0.0054,177246.24,177312.2
20170111,579676.56,-678.51,1.45,1.0,179676.56,1298.23,-1684.31,401005.8,74137.72,292.43,-0.12,-0.0012,-0.0012,180355.07,180355.07
20170112,579064.21,-612.36,1.45,1.0,179064.21,597.78,-852.79,400240.43,73226.78,357.35,-0.22,-0.0011,-0.0011,179676.56,180355.07
20170113,579345.89,281.68,1.45,1.0,179345.89,1606.61,-965.3,401246.98,64622.09,359.63,-0.17,0.0005,0.0005,179064.21,180355.07
20170116,577392.28,-1953.61,1.44,1.0,177392.28,-1457.68,-148.2,398194.59,61121.46,347.73,-0.51,-0.0034,-0.0034,179345.89,180355.07
20170117,581660.87,4268.6,1.45,1.01,181660.87,3846.8,720.74,403547.86,58301.48,298.94,0.23,0.0074,0.0074,177392.28,180355.07
20170118,584965.12,3304.25,1.46,1.01,184965.12,3788.9,-150.09,403454.34,95484.85,334.56,0.57,0.0057,0.0057,181660.87,181660.87
20170119,583274.44,-1690.68,1.46,1.0,183274.44,-881.98,-367.82,398677.13,37165.34,440.89,-0.29,-0.0029,-0.0029,184965.12,184965.12
20170120,583697.09,422.65,1.46,1.0,183697.09,307.65,373.48,400049.17,79855.22,258.48,-0.22,0.0007,0.0007,183274.44,184965.12
20170123,587416.4,3719.31,1.47,1.01,187416.4,4005.07,-30.68,403749.99,61058.41,255.08,0.42,0.0064,0.0064,183697.09,184965.12
20170124,586539.68,-876.73,1.47,1.0,186539.68,-604.7,-61.06,399184.33,66138.74,210.97,-0.15,-0.0015,-0.0015,187416.4,187416.4
20170125,585999.32,-540.36,1.46,1.0,185999.32,-301.52,18.83,399440.81,86586.52,257.67,-0.24,-0.0009,-0.0009,186539.68,187416.4
20170126,589296.0,3296.69,1.47,1.01,189296.0,3677.74,-56.19,403352.88,68275.21,324.86,0.32,0.0056,0.0056,185999.32,187416.4
20170203,590223.55,927.54,1.48,1.0,190223.55,698.85,385.45,400542.1,45956.59,156.75,0.16,0.0016,0.0016,189296.0,189296.0
20170206,591260.79,1037.24,1.48,1.0,191260.79,-137.22,1397.2,399640.04,122910.3,222.74,0.18,0.0018,0.0018,190223.55,190223.55
20170207,597176.59,5915.8,1.49,1.01,197176.59,6047.92,208.15,405707.65,79879.8,340.27,1.0,0.01,0.01,191260.79,191260.79
20170208,598797.71,1621.12,1.5,1.0,198797.71,1342.4,505.1,401116.02,63186.64,226.38,0.27,0.0027,0.0027,197176.59,197176.59
20170209,599639.77,842.06,1.5,1.0,199639.77,925.13,106.15,400735.9,96891.03,189.23,0.14,0.0014,0.0014,198797.71,198797.71
20170210,601164.32,1524.55,1.5,1.0,201164.32,2388.01,-517.66,402042.2,95345.18,345.81,0.25,0.0025,0.0025,199639.77,199639.77
20170213,603555.82,2391.5,1.51,1.0,203555.82,2497.34,222.56,402168.94,73952.46,328.4,0.4,0.004,0.004,201164.32,201164.32
20170214,604799.31,1243.49,1.51,1.0,204799.31,1217.48,250.64,400992.85,95803.12,224.63,0.21,0.0021,0.0021,203555.82,203555.82
20170215,607932.58,3133.27,1.52,1.01,207932.58,3601.88,-212.33,403345.6,94823.28,256.28,0.52,0.0052,0.0052,204799.31,204799.31
20170216,612018.11,4085.53,1.53,1.01,212018.11,3891.14,529.78,403555.74,120239.93,335.4,0.67,0.0067,0.0067,207932.58,207932.58
20170217,615155.33,3137.22,1.54,1.01,215155.33,3817.78,-284.18,403421.4,70258.44,396.38,0.51,0.0051,0.0051,212018.11,212018.11
20170220,614384.07,-771.26,1.54,1.0,214384.07,-97.34,-270.39,399499.13,116913.6,403.53,-0.13,-0.0013,-0.0013,215155.33,215155.33
20170221,619295.49,4911.42,1.55,1.01,219295.49,5048.37,273.66,404637.76,43644.99,410.61,0.67,0.008,0.008,214384.07,215155.33
20170222,619407.02,111.53,1.55,1.0,219407.02,433.43,-155.22,400266.75,51339.61,166.68,0.02,0.0002,0.0002,219295.49,219295.49
20170223,619367.68,-39.35,1.55,1.0,219367.68,167.38,81.08,399879.58,132514.24,287.8,-0.01,-0.0001,-0.0001,219407.02,219407.02
20170224,625287.02,5919.34,1.56,1.01,225287.02,6104.66,222.49,405696.85,96928.94,407.81,0.95,0.0096,0.0095,219367.68,219407.02
20170227,624955.31,-331.7,1.56,1.0,224955.31,517.49,-535.55,400203.84,94440.4,313.65,-0.05,-0.0005,-0.0005,225287.02,225287.02
20170228,627048.32,2093.0,1.57,1.0,227048.32,2305.29,129.27,401963.73,77675.65,341.56,0.28,0.0033,0.0033,224955.31,225287.02
20170301,629929.33,2881.01,1.57,1.0,229929.33,3949.99,-788.18,403669.19,95121.14,280.8,0.46,0.0046,0.0046,227048.32,227048.32
20170302,632175.07,2245.74,1.58,1.0,232175.07,2834.04,-271.06,402516.8,48226.38,317.24,0.36,0.0036,0.0036,229929.33,229929.33
20170303,631752.14,-422.93,1.58,1.0,231752.14,-451.03,242.75,399334.32,81508.57,214.65,-0.07,-0.0007,-0.0007,232175.07,232175.07
20170306,634753.87,3001.73,1.59,1.0,234753.87,2800.58,474.91,402526.82,43315.26,273.76,0.41,0.0048,0.0047,231752.14,232175.07
20170307,634404.2,-349.66,1.59,1.0,234404.2,-38.48,-170.59,399820.93,44161.21,140.59,-0.06,-0.0006,-0.0006,234753.87,234753.87
20170308,634262.14,-142.06,1.59,1.0,234262.14,22.66,34.91,399823.03,63673.05,199.63,-0.08,-0.0002,-0.0002,234404.2,234753.87
20170309,636539.58,2277.43,1.59,1.0,236539.58,2057.54,455.91,401821.52,54804.84,236.02,0.28,0.0036,0.0036,234262.14,234753.87
20170310,636417.2,-122.37,1.59,1.0,236417.2,511.67,-410.39,400288.02,68896.37,223.65,-0.02,-0.0002,-0.0002,236539.58,236539.58
20170313,638914.32,2497.12,1.6,1.0,238914.32,2300.61,457.48,402039.64,54675.84,260.97,0.37,0.0039,0.0039,236417.2,236539.58
20170314,640746.35,1832.03,1.6,1.0,240746.35,2145.14,-138.7,401970.73,61851.29,174.41,0.29,0.0029,0.0029,238914.32,238914.32
20170315,640384.3,-362.05,1.6,1.0,240384.3,700.31,-796.4,400434.36,142593.26,265.95,-0.06,-0.0006,-0.0006,240746.35,240746.35
20170316,646628.75,6244.45,1.62,1.01,246628.75,5766.78,837.9,405406.55,133516.09,360.23,0.92,0.0098,0.0097,240384.3,240746.35
20170317,652438.41,5809.65,1.63,1.01,252438.41,6337.86,-149.23,405958.88,101219.74,378.98,0.9,0.009,0.0089,246628.75,246628.75
20170320,655555.91,3117.5,1.64,1.0,255555.91,1968.59,1481.92,401635.58,125267.46,333.01,0.48,0.0048,0.0048,252438.41,252438.41
20170321,658483.6,2927.69,1.65,1.0,258483.6,3152.78,122.34,402805.35,129148.78,347.43,0.45,0.0045,0.0045,255555.91,255555.91
20170322,666042.26,7558.66,1.67,1.01,266042.26,7209.56,674.42,406884.24,66937.51,325.32,1.15,0.0115,0.0114,258483.6,258483.6
20170323,664537.17,-1505.09,1.66,1.0,264537.17,-487.37,-574.7,399069.61,204637.44,443.02,-0.23,-0.0023,-0.0023,266042.26,266042.26
20170324,673841.26,9304.09,1.68,1.01,273841.26,9706.54,153.39,409150.7,93548.86,555.84,1.17,0.014,0.0139,264537.17,266042.26
20170327,675714.94,1873.68,1.69,1.0,275714.94,2148.57,32.96,401840.72,70453.16,307.85,0.28,0.0028,0.0028,273841.26,273841.26
20170328,677541.94,1827.0,1.69,1.0,277541.94,2710.65,-471.33,402298.33,143191.41,412.32,0.27,0.0027,0.0027,275714.94,275714.94
20170329,686225.06,8683.11,1.72,1.01,286225.06,8713.16,518.71,408164.41,92706.72,548.75,1.28,0.0128,0.0127,277541.94,277541.94
20170330,686137.89,-87.17,1.72,1.0,286137.89,1097.03,-668.06,400580.89,128336.34,516.14,-0.01,-0.0001,-0.0001,286225.06,286225.06
20170331,687835.44,1697.55,1.72,1.0,287835.44,2584.87,-350.14,402047.69,90602.36,537.18,0.23,0.0025,0.0025,286137.89,286225.06
20170405,690199.72,2364.27,1.73,1.0,290199.72,3244.3,-466.76,402831.03,71329.93,413.27,0.34,0.0034,0.0034,287835.44,287835.44
20170406,692574.71,2374.99,1.73,1.0,292574.71,3162.27,-475.36,402850.35,54367.18,311.92,0.34,0.0034,0.0034,290199.72,290199.72
20170407,690761.33,-1813.38,1.73,1.0,290761.33,-671.38,-853.0,399039.62,83058.99,289.0,-0.26,-0.0026,-0.0026,292574.71,292574.71
20170410,692454.91,1693.58,1.73,1.0,292454.91,1864.99,201.38,401492.2,72306.4,372.79,-0.02,0.0025,0.0024,290761.33,292574.71
20170411,696892.79,4437.88,1.74,1.01,296892.79,4403.73,431.78,404006.1,76088.3,397.63,0.62,0.0064,0.0064,292454.91,292574.71
20170412,698081.73,1188.94,1.75,1.0,298081.73,1380.18,164.87,401024.07,79071.18,356.11,0.17,0.0017,0.0017,296892.79,296892.79
20170413,698541.31,459.58,1.75,1.0,298541.31,819.77,-160.8,400620.38,67193.47,199.39,0.07,0.0007,0.0007,298081.73,298081.73
20170414,696733.5,-1807.82,1.74,1.0,296733.5,-339.56,-1183.0,399375.18,88300.99,285.26,-0.26,-0.0026,-0.0026,298541.31,298541.31
20170417,694049.32,-2684.18,1.74,1.0,294049.32,-1925.46,-347.9,397663.72,57456.9,410.82,-0.64,-0.0039,-0.0039,296733.5,298541.31
20170418,694710.14,660.82,1.74,1.0,294710.14,925.35,-36.74,400697.56,36222.71,227.79,-0.55,0.001,0.001,294049.32,298541.31
20170419,694773.08,62.93,1.74,1.0,294773.08,46.61,206.05,399856.88,39242.89,189.73,-0.54,0.0001,0.0001,294710.14,298541.31
20170420,695590.28,817.21,1.74,1.0,295590.28,1161.67,-172.99,400990.2,34609.48,171.47,-0.42,0.0012,0.0012,294773.08,298541.31
20170421,696179.33,589.05,1.74,1.0,296179.33,880.57,-132.33,400721.38,24181.33,159.19,-0.34,0.0008,0.0008,295590.28,298541.31
20170424,695904.5,-274.83,1.74,1.0,295904.5,424.09,-558.06,400283.22,38916.52,140.87,-0.38,-0.0004,-0.0004,296179.33,298541.31
20170425,696473.89,569.39,1.74,1.0,296473.89,539.35,159.33,400410.06,37149.98,129.29,-0.3,0.0008,0.0008,295904.5,298541.31
20170426,696569.48,95.6,1.74,1.0,296569.48,477.6,-224.13,400319.73,72515.7,157.87,-0.28,0.0001,0.0001,296473.89,298541.31
20170427,699408.69,2839.21,1.75,1.0,299408.69,2762.98,329.94,402509.27,43012.07,253.71,0.12,0.0041,0.0041,296569.48,298541.31
20170428,699703.59,294.9,1.75,1.0,299703.59,540.08,-41.97,400336.87,103077.54,203.21,0.04,0.0004,0.0004,299408.69,299408.69
20170502,699864.52,160.93,1.75,1.0,299864.52,883.7,-439.24,400600.18,84840.58,283.52,0.02,0.0002,0.0002,299703.59,299703.59
20170503,702712.7,2848.18,1.76,1.0,302712.7,3246.52,-126.32,402974.5,64033.12,272.02,0.41,0.0041,0.0041,299864.52,299864.52
20170504,703806.91,1094.2,1.76,1.0,303806.91,1562.97,-84.72,401178.93,123794.38,384.04,0.16,0.0016,0.0016,302712.7,302712.7
20170505,704191.62,384.71,1.76,1.0,304191.62,1573.48,-740.85,401125.57,53817.26,447.91,0.05,0.0005,0.0005,303806.91,303806.91
20170508,701723.09,-2468.53,1.75,1.0,301723.09,-270.7,-1867.51,399398.98,98338.91,330.32,-0.35,-0.0035,-0.0035,304191.62,304191.62
20170509,701279.51,-443.58,1.75,1.0,301279.51,-236.52,92.34,399464.09,43101.19,299.39,-0.41,-0.0006,-0.0006,301723.09,304191.62
20170510,701161.33,-118.18,1.75,1.0,301161.33,333.73,-272.96,400154.78,48497.07,178.95,-0.43,-0.0002,-0.0002,301279.51,304191.62
20170511,702377.71,1216.37,1.76,1.0,302377.71,850.43,619.4,400596.97,45379.34,253.46,-0.26,0.0017,0.0017,301161.33,304191.62
20170512,703568.39,1190.68,1.76,1.0,303568.39,1315.65,45.35,401145.34,56857.47,170.31,-0.09,0.0017,0.0017,302377.71,304191.62
20170515,706009.18,2440.8,1.77,1.0,306009.18,2874.43,-251.36,402692.15,48270.03,182.28,0.26,0.0035,0.0035,303568.39,304191.62
20170516,706801.39,792.2,1.77,1.0,306801.39,490.11,524.36,400267.85,49764.94,222.26,0.11,0.0011,0.0011,306009.18,306009.18
20170517,707213.0,411.61,1.77,1.0,307213.0,1296.13,-603.13,401014.74,75981.59,281.39,0.06,0.0006,0.0006,306801.39,306801.39
20170518,708210.13,997.13,1.77,1.0,308210.13,1639.35,-277.86,401274.99,52210.16,364.36,0.14,0.0014,0.0014,307213.0,307213.0
20170519,706118.24,-2091.89,1.77,1.0,306118.24,-1443.17,-366.67,398274.78,64281.69,282.05,-0.3,-0.003,-0.003,308210.13,308210.13
20170522,704550.65,-1567.59,1.76,1.0,304550.65,-439.0,-854.78,399287.19,54294.34,273.81,-0.52,-0.0022,-0.0022,306118.24,308210.13
20170523,702456.38,-2094.27,1.76,1.0,302456.38,-1224.19,-618.9,398524.64,53526.71,251.17,-0.81,-0.003,-0.003,304550.65,308210.13
20170524,703765.67,1309.28,1.76,1.0,303765.67,1187.09,389.48,400919.81,37082.41,267.28,-0.63,0.0019,0.0019,302456.38,308210.13
20170525,705059.6,1293.94,1.76,1.0,305059.6,1482.17,-14.17,401308.11,33335.73,174.06,-0.44,0.0018,0.0018,303765.67,308210.13
20170526,706108.14,1048.53,1.77,1.0,306108.14,1254.45,-89.41,401137.94,31374.44,116.51,-0.3,0.0015,0.0015,305059.6,308210.13
20170531,704837.31,-1270.82,1.76,1.0,304837.31,-553.7,-580.6,399309.78,55811.93,136.52,-0.48,-0.0018,-0.0018,306108.14,308210.13
20170601,705261.24,423.93,1.76,1.0,305261.24,766.63,-128.74,400552.67,30089.99,213.96,-0.42,0.0006,0.0006,304837.31,308210.13
20170602,705666.84,405.59,1.76,1.0,305666.84,413.8,167.83,400237.77,38304.86,176.03,-0.36,0.0006,0.0006,305261.24,308210.13
20170605,707159.95,1493.11,1.77,1.0,307159.95,1912.23,-238.43,401731.54,49518.79,180.69,-0.15,0.0021,0.0021,305666.84,308210.13
20170606,707539.39,379.44,1.77,1.0,307539.39,403.4,196.54,400182.9,39792.25,220.5,-0.09,0.0005,0.0005,307159.95,308210.13
20170607,708908.82,1369.43,1.77,1.0,308908.82,942.78,624.41,400745.03,49205.23,197.75,0.1,0.0019,0.0019,307539.39,308210.13
20170608,710883.83,1975.01,1.78,1.0,310883.83,2120.71,35.85,401939.16,59829.22,181.55,0.28,0.0028,0.0028,308908.82,308908.82
20170609,708569.99,-2313.84,1.77,1.0,308569.99,-1930.69,-156.4,397842.57,73587.62,226.74,-0.33,-0.0033,-0.0033,310883.83,310883.83
20170612,704686.39,-3883.6,1.76,0.99,304686.39,-3174.58,-403.51,396519.91,62031.16,305.51,-0.87,-0.0055,-0.0055,308569.99,310883.83
20170613,705562.15,875.75,1.76,1.0,305562.15,859.73,252.16,400623.6,55345.18,236.13,-0.75,0.0012,0.0012,304686.39,310883.83
20170614,705684.52,122.38,1.76,1.0,305684.52,964.49,-630.8,400753.17,61723.14,211.32,-0.73,0.0002,0.0002,305562.15,310883.83
20170615,705045.27,-639.25,1.76,1.0,305045.27,-330.5,-123.92,399484.67,82719.23,184.83,-0.82,-0.0009,-0.0009,305684.52,310883.83
20170616,704261.24,-784.03,1.76,1.0,304261.24,-232.83,-266.31,399482.28,50803.31,284.89,-0.93,-0.0011,-0.0011,305045.27,310883.83
20170619,704687.77,426.53,1.76,1.0,304687.77,485.85,148.4,400278.12,40616.45,207.73,-0.87,0.0006,0.0006,304261.24,310883.83
20170620,704675.49,-12.28,1.76,1.0,304675.49,117.04,-24.29,400012.01,50783.29,105.03,-0.87,-0.0,-0.0,304687.77,310883.83
20170621,703721.96,-953.53,1.76,1.0,303721.96,-344.39,-430.44,399476.91,66702.53,178.7,-1.01,-0.0014,-0.0014,304675.49,310883.83
20170622,703670.18,-51.78,1.76,1.0,303670.18,579.33,-356.68,400304.9,37350.68,274.43,-1.01,-0.0001,-0.0001,303721.96,310883.83
20170623,702117.28,-1552.9,1.76,1.0,302117.28,207.66,-1565.38,400012.48,38511.77,195.18,-1.23,-0.0022,-0.0022,303670.18,310883.83
20170626,701722.7,-394.58,1.75,1.0,301722.7,910.87,-1168.77,400774.2,36836.61,136.67,-1.29,-0.0006,-0.0006,302117.28,310883.83
20170627,700721.55,-1001.15,1.75,1.0,300721.55,423.33,-1293.65,400292.5,49296.16,130.83,-1.43,-0.0014,-0.0014,301722.7,310883.83
20170628,699169.14,-1552.41,1.75,1.0,299169.14,163.64,-1515.23,399962.82,56023.66,200.82,-1.65,-0.0022,-0.0022,300721.55,310883.83
20170629,699357.59,188.46,1.75,1.0,299357.59,1746.07,-1366.33,401554.79,56955.09,191.28,-1.62,0.0003,0.0003,299169.14,310883.83
20170630,698404.37,-953.22,1.75,1.0,298404.37,-735.04,-50.59,399097.36,47482.09,167.6,-1.76,-0.0014,-0.0014,299357.59,310883.83
20170703,698438.99,34.62,1.75,1.0,298438.99,149.75,38.92,399995.7,59447.31,154.05,-1.75,0.0,0.0,298404.37,310883.83
20170704,695581.38,-2857.61,1.74,1.0,295581.38,-2375.44,-324.9,397467.29,51965.3,157.27,-2.15,-0.0041,-0.0041,298438.99,310883.83
20170705,695993.41,412.03,1.74,1.0,295993.41,373.48,186.09,400225.95,56942.6,147.53,-2.09,0.0006,0.0006,295581.38,310883.83
20170706,697695.14,1701.73,1.74,1.0,297695.14,1763.61,105.52,401596.21,55885.84,167.4,-1.86,0.0024,0.0024,295993.41,310883.83
20170707,698795.16,1100.02,1.75,1.0,298795.16,1343.6,-50.18,401150.2,57265.22,193.4,-1.7,0.0016,0.0016,297695.14,310883.83
20170710,697381.53,-1413.63,1.74,1.0,297381.53,-324.71,-784.84,399371.2,85148.57,304.09,-1.9,-0.002,-0.002,298795.16,310883.83
20170711,693299.2,-4082.33,1.73,0.99,293299.2,-3169.87,-623.24,396540.91,41553.26,289.22,-2.47,-0.0059,-0.0059,297381.53,310883.83
20170712,693276.21,-22.98,1.73,1.0,293276.21,160.11,32.33,399944.69,25259.28,215.42,-2.48,-0.0,-0.0,293299.2,310883.83
20170713,693307.47,31.26,1.73,1.0,293307.47,602.95,-423.76,400455.02,39117.96,147.93,-2.47,0.0,0.0,293276.21,310883.83
20170714,692959.39,-348.09,1.73,1.0,292959.39,-97.99,-97.99,399749.91,45116.13,152.1,-2.52,-0.0005,-0.0005,293307.47,310883.83
20170717,692088.86,-870.53,1.73,1.0,292088.86,-765.22,121.95,399007.52,43716.29,227.26,-2.64,-0.0013,-0.0013,292959.39,310883.83
20170718,692434.21,345.35,1.73,1.0,292434.21,412.13,112.81,400232.54,28117.09,179.59,-2.6,0.0005,0.0005,292088.86,310883.83
20170719,692255.77,-178.44,1.73,1.0,292255.77,-177.93,122.91,399698.65,33915.51,123.42,-2.62,-0.0003,-0.0003,292434.21,310883.83
20170720,692793.77,538.0,1.73,1.0,292793.77,803.4,-143.11,400681.11,37361.5,122.29,-2.54,0.0008,0.0008,292255.77,310883.83
20170721,692394.52,-399.25,1.73,1.0,292394.52,-131.93,-119.31,399720.06,55073.51,148.01,-2.6,-0.0006,-0.0006,292793.77,310883.83
20170724,692549.27,154.74,1.73,1.0,292549.27,477.92,-97.16,400251.91,38335.55,226.01,-2.58,0.0002,0.0002,292394.52,310883.83
20170725,692212.48,-336.79,1.73,1.0,292212.48,-103.41,-74.41,399737.62,40372.9,158.97,-2.63,-0.0005,-0.0005,292549.27,310883.83
20170726,692400.37,187.89,1.73,1.0,292400.37,203.9,121.95,400065.94,52754.54,137.96,-2.6,0.0003,0.0003,292212.48,310883.83
20170727,692481.13,80.76,1.73,1.0,292481.13,120.67,147.94,399932.81,47980.48,187.86,-2.59,0.0001,0.0001,292400.37,310883.83
20170728,692757.72,276.6,1.73,1.0,292757.72,512.25,-113.24,400389.83,36412.66,122.42,-2.55,0.0004,0.0004,292481.13,310883.83
20170731,692887.18,129.45,1.73,1.0,292887.18,196.22,84.79,400044.67,46534.55,151.55,-2.53,0.0002,0.0002,292757.72,310883.83
20170801,693356.21,469.03,1.73,1.0,293356.21,764.99,-150.65,400619.68,48935.51,145.31,-2.47,0.0007,0.0007,292887.18,310883.83
20170802,693224.45,-131.76,1.73,1.0,293224.45,3.52,60.22,399808.02,54298.93,195.5,-2.48,-0.0002,-0.0002,293356.21,310883.83
20170803,693705.45,481.01,1.73,1.0,293705.45,880.73,-181.33,400662.33,58441.05,218.4,-2.42,0.0007,0.0007,293224.45,310883.83
20170804,692760.71,-944.74,1.73,1.0,292760.71,192.28,-886.95,399942.21,61233.91,250.07,-2.55,-0.0014,-0.0014,293705.45,310883.83
20170807,692244.97,-515.74,1.73,1.0,292244.97,-112.28,-122.03,399606.3,61580.5,281.42,-2.62,-0.0007,-0.0007,292760.71,310883.83
20170808,694097.95,1852.97,1.74,1.0,294097.95,2095.63,8.93,401844.05,45897.82,251.58,-2.36,0.0027,0.0027,292244.97,310883.83
20170809,693683.07,-414.87,1.73,1.0,293683.07,-293.67,65.81,399519.32,58440.03,187.01,-2.42,-0.0006,-0.0006,294097.95,310883.83
20170810,693132.62,-550.45,1.73,1.0,293132.62,-244.11,-102.59,399552.14,54951.17,203.75,-2.5,-0.0008,-0.0008,293683.07,310883.83
20170811,693124.23,-8.39,1.73,1.0,293124.23,509.02,-242.47,400234.08,39677.8,274.94,-2.5,-0.0,-0.0,293132.62,310883.83
20170814,693632.29,508.06,1.73,1.0,293632.29,165.97,519.86,399988.19,36860.4,177.78,-2.43,0.0007,0.0007,293124.23,310883.83
20170815,694402.25,769.97,1.74,1.0,294402.25,892.14,-12.88,400782.84,48660.92,109.3,-2.32,0.0011,0.0011,293632.29,310883.83
20170816,694357.53,-44.72,1.74,1.0,294357.53,12.91,96.04,399859.24,28559.46,153.67,-2.32,-0.0001,-0.0001,294402.25,310883.83
20170817,694244.79,-112.74,1.74,1.0,294244.79,499.39,-476.26,400363.52,55970.09,135.87,-2.34,-0.0002,-0.0002,294357.53,310883.83
20170818,694646.58,401.8,1.74,1.0,294646.58,627.95,-18.51,400420.3,51505.05,207.65,-2.28,0.0006,0.0006,294244.79,310883.83
20170821,696644.82,1998.24,1.74,1.0,296644.82,1998.6,213.37,401784.86,58697.09,213.74,-2.0,0.0029,0.0029,294646.58,310883.83
20170822,697344.8,699.98,1.74,1.0,297344.8,1418.77,-547.52,401247.5,52179.79,171.27,-1.9,0.001,0.001,296644.82,310883.83
20170823,696575.42,-769.38,1.74,1.0,296575.42,-338.74,-215.24,399445.86,79404.1,215.4,-2.01,-0.0011,-0.0011,297344.8,310883.83
20170824,698447.1,1871.68,1.75,1.0,298447.1,2956.65,-815.56,402687.24,65536.43,269.41,-1.75,0.0027,0.0027,296575.42,310883.83
20170825,698194.82,-252.28,1.75,1.0,298194.82,416.64,-452.0,400199.73,98124.12,216.91,-1.78,-0.0004,-0.0004,298447.1,310883.83
20170828,701401.41,3206.59,1.75,1.0,301401.41,3587.74,-129.1,403335.69,70760.28,252.05,-1.33,0.0046,0.0046,298194.82,310883.83
20170829,700253.55,-1147.86,1.75,1.0,300253.55,98.87,-986.04,399838.18,104661.8,260.69,-1.5,-0.0016,-0.0016,301401.41,310883.83
20170830,701326.79,1073.24,1.75,1.0,301326.79,976.91,481.37,400591.87,140656.14,385.04,-1.34,0.0015,0.0015,300253.55,310883.83
20170831,707010.21,5683.41,1.77,1.01,307010.21,5614.92,486.1,405197.31,84001.65,417.61,-0.54,0.0081,0.0081,301326.79,310883.83
20170901,709353.17,2342.96,1.77,1.0,309353.17,1942.39,675.93,401667.03,120591.3,275.36,-0.22,0.0033,0.0033,307010.21,310883.83
20170904,711675.91,2322.74,1.78,1.0,311675.91,2260.14,388.61,401934.14,102093.13,326.0,0.11,0.0033,0.0033,309353.17,310883.83
20170905,713283.02,1607.11,1.78,1.0,313283.02,1595.26,367.28,401239.84,98851.65,355.42,0.23,0.0023,0.0023,311675.91,311675.91
20170906,718161.55,4878.53,1.8,1.01,318161.55,4003.35,1208.09,403670.44,70566.66,332.91,0.68,0.0068,0.0068,313283.02,313283.02
20170907,717672.55,-489.0,1.79,1.0,317672.55,982.05,-1324.99,400835.99,99104.11,146.06,-0.07,-0.0007,-0.0007,318161.55,318161.55
20170908,716731.76,-940.79,1.79,1.0,316731.76,-906.39,286.8,398772.41,81532.68,321.2,-0.2,-0.0013,-0.0013,317672.55,318161.55
20170911,718894.2,2162.44,1.8,1.0,318894.2,2332.56,114.95,402047.49,75479.17,285.07,0.1,0.003,0.003,316731.76,318161.55
20170912,719271.86,377.66,1.8,1.0,319271.86,1656.07,-1048.49,401426.15,61114.26,229.92,0.05,0.0005,0.0005,318894.2,318894.2
20170913,719462.8,190.94,1.8,1.0,319462.8,-80.5,528.25,399662.7,83648.5,256.8,0.03,0.0003,0.0003,319271.86,319271.86
20170914,722055.76,2592.96,1.81,1.0,322055.76,3516.79,-613.76,403206.72,79168.29,310.07,0.36,0.0036,0.0036,319462.8,319462.8
20170915,722072.53,16.77,1.81,1.0,322072.53,968.02,-641.53,400658.3,80339.95,309.72,0.0,0.0,0.0,322055.76,322055.76
20170918,721307.44,-765.09,1.8,1.0,321307.44,-91.84,-337.31,399572.21,110753.95,335.95,-0.11,-0.0011,-0.0011,322072.53,322072.53
20170919,723528.51,2221.08,1.81,1.0,323528.51,1949.28,645.36,401575.71,108365.35,373.57,0.2,0.0031,0.0031,321307.44,322072.53
20170920,725170.4,1641.89,1.81,1.0,325170.4,1214.65,645.82,400996.07,97864.97,218.58,0.23,0.0023,0.0023,323528.51,323528.51
20170921,723400.79,-1769.61,1.81,1.0,323400.79,-514.7,-967.67,399198.06,101324.46,287.24,-0.24,-0.0024,-0.0024,325170.4,325170.4
20170922,725097.72,1696.93,1.81,1.0,325097.72,2095.04,-69.31,401766.24,59487.14,328.8,-0.01,0.0023,0.0023,323400.79,325170.4
20170925,725875.39,777.68,1.81,1.0,325875.39,1726.02,-634.18,401411.86,68177.19,314.16,0.1,0.0011,0.0011,325097.72,325170.4
20170926,727634.93,1759.54,1.82,1.0,327634.93,2584.08,-536.44,402295.98,56629.69,288.1,0.24,0.0024,0.0024,325875.39,325875.39
20170927,728716.62,1081.68,1.82,1.0,328716.62,1398.51,-21.29,401102.97,74172.03,295.54,0.15,0.0015,0.0015,327634.93,327634.93
20170928,730438.17,1721.56,1.83,1.0,330438.17,2501.89,-543.43,402264.99,50528.3,236.9,0.24,0.0024,0.0024,328716.62,328716.62
20170929,728991.95,-1446.22,1.82,1.0,328991.95,-238.85,-1001.38,399555.16,81952.99,205.99,-0.2,-0.002,-0.002,330438.17,330438.17
20171009,728631.22,-360.73,1.82,1.0,328631.22,-47.52,-24.73,399664.0,70019.51,288.48,-0.25,-0.0005,-0.0005,328991.95,330438.17
20171010,730844.02,2212.81,1.83,1.0,330844.02,2039.75,417.94,401794.87,57185.3,244.88,0.06,0.003,0.003,328631.22,330438.17
20171011,729415.75,-1428.27,1.82,1.0,329415.75,-87.25,-1089.43,399661.16,46927.37,251.59,-0.2,-0.002,-0.002,330844.02,330844.02
20171012,729103.69,-312.06,1.82,1.0,329103.69,56.22,-125.67,399813.6,62622.1,242.62,-0.24,-0.0004,-0.0004,329415.75,330844.02
20171013,729927.95,824.26,1.82,1.0,329927.95,1264.06,-212.91,401037.17,43539.31,226.89,-0.13,0.0011,0.0011,329103.69,330844.02
20171016,728588.82,-1339.13,1.82,1.0,328588.82,-560.11,-578.36,399239.22,38102.07,200.67,-0.31,-0.0018,-0.0018,329927.95,330844.02
20171017,727570.32,-1018.5,1.82,1.0,327570.32,-605.16,-238.35,399219.84,54147.75,175.0,-0.45,-0.0014,-0.0014,328588.82,330844.02
20171018,727812.51,242.19,1.82,1.0,327812.51,881.27,-408.9,400651.09,43323.45,230.18,-0.41,0.0003,0.0003,327570.32,330844.02
20171019,727848.0,35.49,1.82,1.0,327848.0,110.94,138.25,399897.24,46396.7,213.7,-0.41,0.0,0.0,327812.51,330844.02
20171020,729055.53,1207.52,1.82,1.0,329055.53,2257.9,-838.25,402045.77,51929.64,212.13,-0.24,0.0017,0.0017,327848.0,330844.02
20171023,729241.93,186.4,1.82,1.0,329241.93,542.84,-95.05,400281.45,61952.66,261.39,-0.22,0.0003,0.0003,329055.53,330844.02
20171024,729460.51,218.58,1.82,1.0,329460.51,811.6,-410.36,400628.94,70925.3,182.66,-0.19,0.0003,0.0003,329241.93,330844.02
20171025,729396.39,-64.12,1.82,1.0,329396.39,2.86,168.16,399767.72,36800.45,235.14,-0.2,-0.0001,-0.0001,329460.51,330844.02
20171026,729713.46,317.07,1.82,1.0,329713.46,813.55,-331.68,400648.75,66353.92,164.8,-0.15,0.0004,0.0004,329396.39,330844.02
20171027,730109.89,396.43,1.83,1.0,330109.89,772.28,-136.28,400532.71,46278.33,239.57,-0.1,0.0005,0.0005,329713.46,330844.02
20171030,729028.77,-1081.12,1.82,1.0,329028.77,-470.71,-389.69,399308.57,46040.18,220.72,-0.25,-0.0015,-0.0015,330109.89,330844.02
20171031,729377.06,348.29,1.82,1.0,329377.06,-20.89,574.57,399773.71,48684.68,205.4,-0.2,0.0005,0.0005,329028.77,330844.02
20171101,731985.57,2608.51,1.83,1.0,331985.57,2916.29,-77.35,402685.85,69103.51,230.44,0.16,0.0036,0.0036,329377.06,330844.02
20171102,731944.32,-41.25,1.83,1.0,331944.32,1041.94,-779.05,400737.8,69308.29,304.14,-0.01,-0.0001,-0.0001,331985.57,331985.57
20171103,731872.03,-72.29,1.83,1.0,331872.03,634.81,-368.9,400296.62,66701.87,338.19,-0.02,-0.0001,-0.0001,331944.32,331985.57
20171106,733690.45,1818.41,1.83,1.0,333690.45,1924.54,119.84,401698.58,40628.99,225.96,0.23,0.0025,0.0025,331872.03,331985.57
20171107,734619.47,929.02,1.84,1.0,334619.47,719.45,342.46,400586.56,34673.91,132.89,0.13,0.0013,0.0013,333690.45,333690.45
20171108,734381.18,-238.29,1.84,1.0,334381.18,612.2,-643.76,400405.46,96342.03,206.74,-0.03,-0.0003,-0.0003,334619.47,334619.47
20171109,737406.4,3025.22,1.84,1.0,337406.4,3476.78,-108.41,403133.62,93229.38,343.16,0.38,0.0041,0.0041,334381.18,334619.47
20171110,739377.02,1970.62,1.85,1.0,339377.02,2449.33,-130.25,402100.87,86019.46,348.46,0.27,0.0027,0.0027,337406.4,337406.4
20171113,741758.65,2381.63,1.85,1.0,341758.65,2090.71,594.74,401786.88,98696.85,303.83,0.32,0.0032,0.0032,339377.02,339377.02
20171114,742272.87,514.23,1.86,1.0,342272.87,1560.6,-709.35,401223.57,109755.96,337.03,0.07,0.0007,0.0007,341758.65,341758.65
20171115,739456.39,-2816.48,1.85,1.0,339456.39,-1548.59,-850.19,398033.7,108944.91,417.71,-0.38,-0.0038,-0.0038,342272.87,342272.87
20171116,739644.51,188.12,1.85,1.0,339644.51,1062.04,-512.64,400700.76,52900.84,361.28,-0.35,0.0003,0.0003,339456.39,342272.87
20171117,739210.27,-434.24,1.85,1.0,339210.27,-42.74,-146.11,399711.86,48826.3,245.4,-0.41,-0.0006,-0.0006,339644.51,342272.87
20171120,740425.27,1215.0,1.85,1.0,340425.27,1237.42,229.39,400985.61,73296.44,251.81,-0.25,0.0016,0.0016,339210.27,342272.87
20171121,740410.54,-14.73,1.85,1.0,340410.54,169.62,137.28,399847.99,87817.18,321.63,-0.25,-0.0,-0.0,340425.27,342272.87
20171122,742510.63,2100.09,1.86,1.0,342510.63,2255.93,75.56,402024.53,36225.88,231.4,0.03,0.0028,0.0028,340410.54,342272.87
20171123,741414.35,-1096.29,1.85,1.0,341414.35,-761.45,-125.39,399029.1,57816.47,209.45,-0.15,-0.0015,-0.0015,342510.63,342510.63
20171124,740473.03,-941.32,1.85,1.0,340473.03,68.99,-738.37,399797.05,75616.32,271.94,-0.27,-0.0013,-0.0013,341414.35,342510.63
20171127,738965.72,-1507.3,1.85,1.0,338965.72,-562.32,-680.11,399172.8,60347.91,264.88,-0.48,-0.002,-0.002,340473.03,342510.63
20171128,738709.21,-256.51,1.85,1.0,338709.21,-492.7,448.19,399295.29,50295.69,212.01,-0.51,-0.0003,-0.0003,338965.72,342510.63
20171129,740198.93,1489.72,1.85,1.0,340198.93,1680.8,-16.15,401505.87,57304.73,174.93,-0.31,0.002,0.002,338709.21,342510.63
20171130,740025.32,-173.61,1.85,1.0,340025.32,-180.65,153.24,399673.15,66958.41,146.2,-0.33,-0.0002,-0.0002,340198.93,342510.63
20171201,740776.77,751.46,1.85,1.0,340776.77,1128.61,-127.76,400879.22,66652.18,249.39,-0.23,0.001,0.001,340025.32,342510.63
20171204,739378.19,-1398.59,1.85,1.0,339378.19,-666.56,-449.73,399051.14,49984.54,282.3,-0.42,-0.0019,-0.0019,340776.77,342510.63
20171205,737552.9,-1825.29,1.84,1.0,337552.9,-1356.41,-266.97,398441.68,33554.78,201.91,-0.67,-0.0025,-0.0025,339378.19,342510.63
20171206,737496.77,-56.13,1.84,1.0,337496.77,-212.71,298.85,399645.02,27442.11,142.27,-0.68,-0.0001,-0.0001,337552.9,342510.63
20171207,738258.96,762.19,1.85,1.0,338258.96,713.45,134.56,400627.63,27455.68,85.82,-0.57,0.001,0.001,337496.77,342510.63
20171208,738997.12,738.17,1.85,1.0,338997.12,792.5,117.28,400620.89,42965.4,171.61,-0.47,0.001,0.001,338258.96,342510.63
20171211,739289.12,292.0,1.85,1.0,339289.12,466.55,-35.74,400327.74,41878.88,138.81,-0.43,0.0004,0.0004,338997.12,342510.63
20171212,738401.71,-887.41,1.85,1.0,338401.71,-467.3,-294.35,399406.93,30973.43,125.77,-0.55,-0.0012,-0.0012,339289.12,342510.63
20171213,738700.6,298.89,1.85,1.0,338700.6,74.89,329.17,399969.72,42233.84,105.17,-0.51,0.0004,0.0004,338401.71,342510.63
20171214,739438.99,738.39,1.85,1.0,339438.99,535.34,345.67,400392.72,58285.21,142.62,-0.41,0.001,0.001,338700.6,342510.63
20171215,739981.06,542.08,1.85,1.0,339981.06,579.23,108.45,400433.63,57402.79,145.6,-0.34,0.0007,0.0007,339438.99,342510.63
20171218,738287.0,-1694.06,1.85,1.0,338287.0,-969.24,-486.82,398792.76,90384.03,238.0,-0.57,-0.0023,-0.0023,339981.06,342510.63
20171219,738224.97,-62.03,1.85,1.0,338224.97,31.76,130.01,399807.97,49245.78,223.79,-0.58,-0.0001,-0.0001,338287.0,342510.63
20171220,737695.0,-529.97,1.84,1.0,337695.0,-140.36,-256.88,399726.91,54903.99,132.73,-0.65,-0.0007,-0.0007,338224.97,342510.63
20171221,737109.1,-585.9,1.84,1.0,337109.1,-532.51,71.25,399342.85,38188.98,124.64,-0.73,-0.0008,-0.0008,337695.0,342510.63
20171222,736801.31,-307.79,1.84,1.0,336801.31,288.52,-438.02,400130.23,70312.59,158.29,-0.77,-0.0004,-0.0004,337109.1,342510.63
20171225,737568.94,767.62,1.84,1.0,337568.94,854.56,164.69,400602.93,39424.52,251.63,-0.67,0.001,0.001,336801.31,342510.63
20171226,738442.25,873.31,1.85,1.0,338442.25,845.03,180.94,400692.37,47167.38,152.66,-0.55,0.0012,0.0012,337568.94,342510.63
20171227,739640.2,1197.95,1.85,1.0,339640.2,1584.04,-218.67,401416.61,64434.82,167.43,-0.39,0.0016,0.0016,338442.25,342510.63
20171228,740235.77,595.57,1.85,1.0,340235.77,694.02,109.52,400486.05,50009.21,207.97,-0.31,0.0008,0.0008,339640.2,342510.63
20171229,740349.41,113.65,1.85,1.0,340349.41,604.89,-238.86,400352.51,73286.91,252.38,-0.29,0.0002,0.0002,340235.77,342510.63
20180102,740187.34,-162.08,1.85,1.0,340187.34,-319.85,339.56,399498.36,64790.11,181.79,-0.31,-0.0002,-0.0002,340349.41,342510.63
20180103,739892.34,-295.0,1.85,1.0,339892.34,117.47,-267.39,399972.4,84112.27,145.07,-0.35,-0.0004,-0.0004,340187.34,342510.63
20180104,740444.06,551.72,1.85,1.0,340444.06,683.18,31.13,400520.59,41498.61,162.59,-0.28,0.0007,0.0007,339892.34,342510.63
20180105,740215.36,-228.7,1.85,1.0,340215.36,-45.55,-145.98,399917.28,29944.61,37.17,-0.31,-0.0003,-0.0003,340444.06,342510.63
