,available_cash,chg,interests,log_chg,mktime,profit,retrace,value
0,699940.19,0.0007,700482.7,0.0007,20160105,482.7,0.069,1.0007
1,700723.06,0.0024,702198.13,0.0024,20160106,2198.13,0.2449,1.0031
2,697428.07,-0.0047,698867.17,-0.0048,20160107,-1132.83,-0.4744,0.9984
3,699954.63,0.0006,699315.09,0.0006,20160108,-684.91,-0.4106,0.999
4,699260.46,-0.0075,694049.75,-0.0076,20160111,-5950.25,-1.1604,0.9915
5,688775.07,-0.0163,682714.2,-0.0165,20160112,-17285.8,-2.7747,0.9753
6,697435.0,-0.0046,679568.04,-0.0046,20160113,-20431.96,-3.2228,0.9708
7,698814.36,0.0,679583.48,0.0,20160114,-20416.52,-3.2206,0.9708
8,698915.38,-0.002,678240.66,-0.002,20160115,-21759.34,-3.4118,0.9689
9,699461.66,-0.0003,678058.81,-0.0003,20160118,-21941.19,-3.4377,0.9687
10,700241.64,0.0025,679767.45,0.0025,20160119,-20232.55,-3.1944,0.9711
11,702060.04,0.0032,681927.25,0.0032,20160120,-18072.75,-2.8868,0.9742
12,699100.45,-0.0025,680215.76,-0.0025,20160121,-19784.24,-3.1305,0.9717
13,698780.23,0.0002,680360.69,0.0002,20160122,-19639.31,-3.1099,0.9719
14,702920.31,0.0052,683877.53,0.0052,20160125,-16122.47,-2.609,0.977
15,694257.64,-0.0086,677962.4,-0.0087,20160126,-22037.6,-3.4514,0.9685
16,699213.69,0.0009,678580.77,0.0009,20160127,-21419.23,-3.3633,0.9694
17,699763.5,-0.0009,677941.7,-0.0009,20160128,-22058.3,-3.4544,0.9685
18,699679.14,0.0002,678046.65,0.0002,20160129,-21953.35,-3.4394,0.9686
19,699986.53,-0.0041,675290.74,-0.0041,20160201,-24709.26,-3.8319,0.9647
20,704189.07,0.0085,681008.76,0.0084,20160202,-18991.24,-3.0176,0.9729
21,699704.86,0.0011,681745.35,0.0011,20160203,-18254.65,-2.9127,0.9739
22,704906.54,0.0082,687310.69,0.0081,20160204,-12689.31,-2.1201,0.9819
23,700206.72,-0.0011,686524.92,-0.0011,20160205,-13475.08,-2.232,0.9807
24,698269.3,0.0002,686671.89,0.0002,20160215,-13328.11,-2.2111,0.981
25,703316.38,0.0062,690898.08,0.0061,20160216,-9101.92,-1.6092,0.987
26,700501.23,0.0019,692186.63,0.0019,20160217,-7813.37,-1.4257,0.9888
27,701289.31,0.0024,693848.74,0.0024,20160218,-6151.26,-1.189,0.9912
28,699641.06,-0.0006,693451.64,-0.0006,20160219,-6548.36,-1.2456,0.9906
29,700555.27,0.003,695513.76,0.003,20160222,-4486.24,-0.9519,0.9936
30,701618.88,0.0035,697947.46,0.0035,20160223,-2052.54,-0.6053,0.9971
31,699485.69,-0.0004,697698.26,-0.0004,20160224,-2301.74,-0.6408,0.9967
32,698357.95,-0.0036,695159.87,-0.0036,20160225,-4840.13,-1.0023,0.9931
33,698628.09,-0.0016,694062.43,-0.0016,20160226,-5937.57,-1.1586,0.9915
34,697781.67,-0.0031,691907.56,-0.0031,20160229,-8092.44,-1.4655,0.9884
35,699498.44,0.0002,692057.61,0.0002,20160301,-7942.39,-1.4441,0.9887
36,700707.77,0.0019,693376.46,0.0019,20160302,-6623.54,-1.2563,0.9905
37,700145.43,0.0005,693741.39,0.0005,20160303,-6258.61,-1.2043,0.9911
38,699034.1,-0.0028,691809.21,-0.0028,20160304,-8190.79,-1.4795,0.9883
39,699628.8,-0.0013,690930.58,-0.0013,20160307,-9069.42,-1.6046,0.987
40,695989.06,-0.0044,687865.9,-0.0044,20160308,-12134.1,-2.0411,0.9827
41,699945.59,-0.0007,687375.22,-0.0007,20160309,-12624.78,-2.1109,0.982
42,699275.91,-0.0013,686451.81,-0.0013,20160310,-13548.19,-2.2424,0.9806
43,698812.94,-0.0011,685681.21,-0.0011,20160311,-14318.79,-2.3522,0.9795
44,701272.37,0.0028,687604.46,0.0028,20160314,-12395.54,-2.0783,0.9823
45,700460.62,0.0005,687972.21,0.0005,20160315,-12027.79,-2.0259,0.9828
46,699624.31,-0.0005,687650.58,-0.0005,20160316,-12349.42,-2.0717,0.9824
47,700420.34,0.002,689022.14,0.002,20160317,-10977.86,-1.8764,0.9843
48,701262.13,0.0025,690740.04,0.0025,20160318,-9259.96,-1.6317,0.9868
49,700559.63,0.0028,692697.57,0.0028,20160321,-7302.43,-1.353,0.9896
50,700254.87,-0.0005,692332.14,-0.0005,20160322,-7667.86,-1.405,0.989
51,699137.48,-0.0003,692120.88,-0.0003,20160323,-7879.12,-1.4351,0.9887
52,698879.31,-0.0026,690303.56,-0.0026,20160324,-9696.44,-1.6939,0.9861
53,697987.53,-0.0043,687348.11,-0.0043,20160325,-12651.89,-2.1148,0.9819
54,698315.57,-0.0023,685772.35,-0.0023,20160328,-14227.65,-2.3392,0.9797
55,698774.93,-0.002,684428.68,-0.002,20160329,-15571.32,-2.5305,0.9778
56,699709.89,0.0008,684998.46,0.0008,20160330,-15001.54,-2.4494,0.9786
57,700621.16,0.0017,686161.92,0.0017,20160331,-13838.08,-2.2837,0.9802
58,700186.76,0.0009,686776.35,0.0009,20160401,-13223.65,-2.1962,0.9811
59,700058.82,0.0032,688993.99,0.0032,20160405,-11006.01,-1.8804,0.9843
60,701905.51,0.0034,691368.9,0.0034,20160406,-8631.1,-1.5422,0.9877
61,699537.15,-0.0003,691174.7,-0.0003,20160407,-8825.3,-1.5698,0.9874
62,699260.53,-0.0006,690790.67,-0.0006,20160408,-9209.33,-1.6245,0.9868
63,700023.78,0.0045,693927.86,0.0045,20160411,-6072.14,-1.1778,0.9913
64,701357.09,0.0019,695217.56,0.0019,20160412,-4782.44,-0.9941,0.9932
65,700186.53,0.0013,696126.64,0.0013,20160413,-3873.36,-0.8646,0.9945
66,701763.02,0.0041,698963.16,0.0041,20160414,-1036.84,-0.4607,0.9985
67,700106.76,0.0003,699192.75,0.0003,20160415,-807.25,-0.428,0.9988
68,697093.73,-0.0044,696124.88,-0.0044,20160418,-3875.12,-0.8649,0.9945
69,699238.91,-0.0009,695486.3,-0.0009,20160419,-4513.7,-0.9558,0.9936
70,699137.76,-0.0006,695040.72,-0.0006,20160420,-4959.28,-1.0193,0.9929
71,699598.13,-0.0001,694940.93,-0.0001,20160421,-5059.07,-1.0335,0.9928
72,698721.28,-0.0014,693970.27,-0.0014,20160422,-6029.73,-1.1717,0.9914
73,702838.41,0.0048,697285.57,0.0048,20160425,-2714.43,-0.6996,0.9961
74,700154.28,0.001,697983.68,0.001,20160426,-2016.32,-0.6002,0.9971
75,700449.61,-0.0001,697884.14,-0.0001,20160427,-2115.86,-0.6144,0.997
76,699686.89,0.0007,698340.22,0.0007,20160428,-1659.78,-0.5494,0.9976
77,699755.65,-0.0012,697519.37,-0.0012,20160429,-2480.63,-0.6663,0.9965
78,700434.77,0.0015,698573.16,0.0015,20160503,-1426.84,-0.5162,0.998
79,700455.85,0.0019,699867.37,0.0019,20160504,-132.63,-0.3319,0.9998
80,699998.28,0.002,701237.33,0.002,20160505,1237.33,-0.1368,1.0018
81,699802.61,-0.0021,699760.58,-0.0021,20160506,-239.42,-0.3471,0.9997
82,696986.44,-0.0051,696178.62,-0.0051,20160509,-3821.38,-0.8572,0.9945
83,697425.99,-0.0036,693684.53,-0.0036,20160510,-6315.47,-1.2124,0.991
84,699528.08,-0.0012,692859.39,-0.0012,20160511,-7140.61,-1.3299,0.9898
85,695814.29,-0.0055,689064.17,-0.0055,20160512,-10935.83,-1.8704,0.9844
86,699633.98,-0.0006,688623.18,-0.0006,20160513,-11376.82,-1.9332,0.9837
87,699173.39,0.0001,688719.58,0.0001,20160516,-11280.42,-1.9195,0.9839
88,700270.75,0.0008,689262.25,0.0008,20160517,-10737.75,-1.8422,0.9847
89,698350.06,-0.0017,688114.14,-0.0017,20160518,-11885.86,-2.0057,0.983
90,700109.94,0.0004,688385.3,0.0004,20160519,-11614.7,-1.9671,0.9834
91,699703.43,0.001,689062.84,0.001,20160520,-10937.16,-1.8706,0.9844
92,701078.47,0.0027,690896.15,0.0027,20160523,-9103.85,-1.6095,0.987
93,700029.11,0.0002,691044.25,0.0002,20160524,-8955.75,-1.5884,0.9872
94,699825.18,-0.0002,690898.64,-0.0002,20160525,-9101.36,-1.6092,0.987
95,698730.0,0.0017,692077.56,0.0017,20160526,-7922.44,-1.4413,0.9887
96,701288.45,0.0019,693402.81,0.0019,20160527,-6597.19,-1.2525,0.9906
97,699483.55,0.0007,693905.96,0.0007,20160530,-6094.04,-1.1809,0.9913
98,705556.81,0.01,700856.37,0.01,20160531,856.37,-0.1911,1.0012
99,701161.22,0.0029,702880.42,0.0029,20160601,2880.42,0.0972,1.0041
100,700543.46,0.0027,704758.65,0.0027,20160602,4758.65,0.2672,1.0068
101,700105.89,-0.0002,704648.84,-0.0002,20160603,4648.84,-0.0156,1.0066
102,694502.6,-0.0073,699473.39,-0.0074,20160606,-526.61,-0.7499,0.9992
103,700636.49,0.0056,703420.44,0.0056,20160607,3420.44,-0.1899,1.0049
104,692103.48,-0.0108,695811.12,-0.0109,20160608,-4188.88,-1.2696,0.994
105,694141.17,-0.0109,688195.67,-0.011,20160613,-11804.33,-2.3502,0.9831
106,697289.77,-0.0032,685994.83,-0.0032,20160614,-14005.17,-2.6624,0.98
107,701297.91,0.003,688024.0,0.003,20160615,-11976.0,-2.3745,0.9829
108,699931.51,-0.0,687993.35,-0.0,20160616,-12006.65,-2.3789,0.9828
109,699784.07,0.0016,689059.99,0.0015,20160617,-10940.01,-2.2275,0.9844
110,701471.07,0.0023,690654.06,0.0023,20160620,-9345.94,-2.0013,0.9866
111,700514.42,0.0012,691498.68,0.0012,20160621,-8501.32,-1.8815,0.9879
112,700079.92,0.0007,691991.1,0.0007,20160622,-8008.9,-1.8116,0.9886
113,699812.77,0.0007,692460.15,0.0007,20160623,-7539.85,-1.7451,0.9892
114,700529.8,0.0021,693926.54,0.0021,20160624,-6073.46,-1.537,0.9913
115,701310.54,0.0034,696288.63,0.0034,20160627,-3711.37,-1.2018,0.9947
116,703422.03,0.0058,700353.56,0.0058,20160628,353.56,-0.625,1.0005
117,702318.41,0.0052,704026.15,0.0052,20160629,4026.15,-0.1039,1.0058
118,699907.07,-0.0019,702669.77,-0.0019,20160630,2669.77,-0.2964,1.0038
119,706693.53,0.0101,709743.07,0.01,20160701,9743.07,0.7073,1.0139
120,700806.15,0.0041,712656.58,0.0041,20160704,12656.58,0.4105,1.0181
121,707009.35,0.0107,720274.11,0.0106,20160705,20274.11,1.0689,1.029
122,697749.78,-0.0026,718374.07,-0.0026,20160706,18374.07,-0.2638,1.0262
123,700758.1,0.0004,718658.32,0.0004,20160707,18658.32,-0.2243,1.0267
124,698944.36,-0.0022,717109.39,-0.0022,20160708,17109.39,-0.4394,1.0244
125,694445.72,-0.0087,710879.86,-0.0087,20160711,10879.86,-1.3043,1.0155
126,696561.0,-0.0044,707763.56,-0.0044,20160712,7763.56,-1.7369,1.0111
127,700013.77,-0.0007,707233.39,-0.0007,20160713,7233.39,-1.8105,1.0103
128,700441.6,0.0019,708583.15,0.0019,20160714,8583.15,-1.6231,1.0123
129,699809.38,-0.0007,708081.6,-0.0007,20160715,8081.6,-1.6928,1.0115
130,697066.03,-0.0049,704645.05,-0.0049,20160718,4645.05,-2.1699,1.0066
131,698138.77,-0.002,703202.23,-0.002,20160719,3202.23,-2.3702,1.0046
132,700142.21,0.0004,703489.96,0.0004,20160720,3489.96,-2.3302,1.005
133,698349.43,-0.0031,701315.27,-0.0031,20160721,1315.27,-2.6322,1.0019
134,698746.79,-0.002,699890.22,-0.002,20160722,-109.78,-2.83,0.9998
135,699346.44,-0.0026,698075.49,-0.0026,20160725,-1924.51,-3.082,0.9973
136,707761.71,0.0118,706307.24,0.0117,20160726,6307.24,-1.9391,1.009
137,697574.34,-0.0042,703324.16,-0.0042,20160727,3324.16,-2.3533,1.0047
138,699042.75,-0.0012,702509.15,-0.0012,20160728,2509.15,-2.4664,1.0036
139,699613.7,-0.0008,701944.96,-0.0008,20160729,1944.96,-2.5447,1.0028
140,696571.54,-0.0059,697836.08,-0.0059,20160801,-2163.92,-3.1152,0.9969
141,699136.88,-0.0014,696834.78,-0.0014,20160802,-3165.22,-3.2542,0.9955
142,701132.37,0.0024,698473.21,0.0023,20160803,-1526.79,-3.0267,0.9978
143,700425.46,-0.0001,698375.4,-0.0001,20160804,-1624.6,-3.0403,0.9977
144,698760.06,-0.0007,697890.14,-0.0007,20160805,-2109.86,-3.1077,0.997
145,694332.55,-0.0095,691283.66,-0.0095,20160808,-8716.34,-4.0249,0.9875
146,701733.86,0.005,694719.91,0.005,20160809,-5280.09,-3.5478,0.9925
147,701991.21,0.0033,697024.94,0.0033,20160810,-2975.06,-3.2278,0.9957
148,700298.54,-0.0012,696203.33,-0.0012,20160811,-3796.67,-3.3419,0.9946
149,699339.28,0.001,696906.31,0.001,20160812,-3093.69,-3.2443,0.9956
150,700982.34,0.0041,699761.99,0.0041,20160815,-238.01,-2.8478,0.9997
151,703482.05,0.0046,702988.29,0.0046,20160816,2988.29,-2.3999,1.0043
152,700672.51,0.0012,703835.46,0.0012,20160817,3835.46,-2.2823,1.0055
153,700454.73,0.0005,704191.42,0.0005,20160818,4191.42,-2.2329,1.006
154,699064.12,-0.0031,702012.21,-0.0031,20160819,2012.21,-2.5354,1.0029
155,697041.7,-0.0054,698247.2,-0.0054,20160822,-1752.8,-3.0581,0.9975
156,692765.66,-0.0102,691138.44,-0.0102,20160823,-8861.56,-4.0451,0.9873
157,699545.51,-0.0008,690569.71,-0.0008,20160824,-9430.29,-4.124,0.9865
158,698561.07,-0.0013,689659.03,-0.0013,20160825,-10340.97,-4.2505,0.9852
159,699485.0,-0.0135,680339.81,-0.0136,20160826,-19660.19,-5.5443,0.9719
160,679856.32,-0.0303,659706.59,-0.0308,20160829,-40293.41,-8.409,0.9424
161,699723.79,-0.001,659017.79,-0.001,20160830,-40982.21,-8.5046,0.9415
162,700125.62,0.0003,659187.42,0.0003,20160831,-40812.58,-8.481,0.9417
163,700198.36,0.0004,659467.78,0.0004,20160901,-40532.22,-8.4421,0.9421
164,699154.02,-0.0015,658466.07,-0.0015,20160902,-41533.93,-8.5812,0.9407
165,698528.13,-0.0037,656028.92,-0.0037,20160905,-43971.08,-8.9195,0.9372
166,699511.04,-0.0001,655935.19,-0.0001,20160906,-44064.81,-8.9326,0.9371
167,699792.69,-0.0,655915.19,-0.0,20160907,-44084.81,-8.9353,0.937
168,698404.4,-0.0023,654390.56,-0.0023,20160908,-45609.44,-9.147,0.9348
169,699315.84,-0.0079,649223.13,-0.0079,20160909,-50776.87,-9.8644,0.9275
170,688817.96,-0.0144,639896.77,-0.0145,20160912,-60103.23,-11.1593,0.9141
171,700428.9,0.0022,641273.11,0.0021,20160913,-58726.89,-10.9682,0.9161
172,699567.98,-0.0007,640805.9,-0.0007,20160914,-59194.1,-11.0331,0.9154
173,699670.51,0.0002,640909.58,0.0002,20160919,-59090.42,-11.0187,0.9156
174,699055.51,-0.005,637689.56,-0.005,20160920,-62310.44,-11.4657,0.911
175,695423.69,-0.0076,632860.77,-0.0076,20160921,-67139.23,-12.1361,0.9041
176,699681.12,0.0007,633290.64,0.0007,20160922,-66709.36,-12.0764,0.9047
177,696869.29,-0.0088,627689.63,-0.0089,20160923,-72310.37,-12.8541,0.8967
178,691750.24,-0.0156,617880.07,-0.0158,20160926,-82119.93,-14.216,0.8827
179,701413.77,0.0036,620078.0,0.0036,20160927,-79922.0,-13.9108,0.8858
180,700192.39,0.0002,620215.19,0.0002,20160928,-79784.81,-13.8918,0.886
181,700439.14,0.0009,620769.86,0.0009,20160929,-79230.14,-13.8148,0.8868
182,699865.49,-0.0009,620239.88,-0.0009,20160930,-79760.12,-13.8884,0.8861
183,700311.11,0.008,625190.1,0.0079,20161010,-74809.9,-13.2011,0.8931
184,708414.45,0.0151,634636.57,0.015,20161011,-65363.43,-11.8896,0.9066
185,700710.1,0.0017,635711.97,0.0017,20161012,-64288.03,-11.7403,0.9082
186,700524.72,0.0007,636153.66,0.0007,20161013,-63846.34,-11.6789,0.9088
187,699928.24,0.0005,636468.25,0.0005,20161014,-63531.75,-11.6353,0.9092
188,697878.05,-0.005,633287.2,-0.005,20161017,-66712.8,-12.0769,0.9047
189,698917.38,-0.0057,629661.82,-0.0057,20161018,-70338.18,-12.5803,0.8995
190,698683.13,-0.0012,628915.87,-0.0012,20161019,-71084.13,-12.6838,0.8985
191,699807.91,-0.0011,628217.26,-0.0011,20161020,-71782.74,-12.7808,0.8975
192,699529.1,-0.0006,627869.46,-0.0006,20161021,-72130.54,-12.8291,0.897
193,699845.39,0.0004,628107.67,0.0004,20161024,-71892.33,-12.796,0.8973
194,700930.21,0.0006,628477.71,0.0006,20161025,-71522.29,-12.7446,0.8978
195,699929.45,-0.0009,627929.51,-0.0009,20161026,-72070.49,-12.8208,0.897
196,699951.53,-0.0004,627698.18,-0.0004,20161027,-72301.82,-12.8529,0.8967
197,698653.05,-0.0036,625461.77,-0.0036,20161028,-74538.23,-13.1634,0.8935
198,698254.71,-0.0037,623161.02,-0.0037,20161031,-76838.98,-13.4828,0.8902
199,701083.39,0.0021,624491.77,0.0021,20161101,-75508.23,-13.298,0.8921
200,701084.43,0.0054,627840.15,0.0053,20161102,-72159.85,-12.8332,0.8969
201,700870.15,0.0001,627903.0,0.0001,20161103,-72097.0,-12.8244,0.897
202,697934.67,-0.0004,627672.11,-0.0004,20161104,-72327.89,-12.8565,0.8967
203,698723.25,-0.0005,627378.45,-0.0005,20161107,-72621.55,-12.8973,0.8963
204,699648.7,0.0021,628686.25,0.0021,20161108,-71313.75,-12.7157,0.8981
205,700095.15,0.0025,630278.21,0.0025,20161109,-69721.79,-12.4947,0.9004
206,704023.61,0.0069,634648.38,0.0069,20161110,-65351.62,-11.8879,0.9066
207,700287.0,-0.0004,634374.31,-0.0004,20161111,-65625.69,-11.926,0.9062
208,698558.06,-0.0048,631303.92,-0.0049,20161114,-68696.08,-12.3523,0.9019
209,697651.22,-0.0049,628200.32,-0.0049,20161115,-71799.68,-12.7832,0.8974
210,697752.18,-0.0028,626446.27,-0.0028,20161116,-73553.73,-13.0267,0.8949
211,699574.42,-0.0005,626122.32,-0.0005,20161117,-73877.68,-13.0717,0.8945
212,699349.8,-0.003,624265.44,-0.003,20161118,-75734.56,-13.3295,0.8918
213,695173.78,-0.0076,619527.69,-0.0076,20161121,-80472.31,-13.9872,0.885
214,707254.5,0.0121,626994.09,0.012,20161122,-73005.91,-12.9506,0.8957
215,700036.75,-0.0005,626705.92,-0.0005,20161123,-73294.08,-12.9906,0.8953
216,698901.68,-0.0017,625637.23,-0.0017,20161124,-74362.77,-13.139,0.8938
217,699557.73,0.0007,626098.58,0.0007,20161125,-73901.42,-13.075,0.8944
218,699955.48,-0.0024,624607.36,-0.0024,20161128,-75392.64,-13.282,0.8923
219,696793.63,-0.0051,621399.5,-0.0051,20161129,-78600.5,-13.7274,0.8877
220,699191.41,-0.0009,620819.45,-0.0009,20161130,-79180.55,-13.8079,0.8869
221,700597.47,-0.0026,619193.95,-0.0026,20161201,-80806.05,-14.0336,0.8846
222,694020.77,-0.0211,606123.23,-0.0213,20161202,-93876.77,-15.8483,0.8659
223,691011.33,-0.0139,597721.83,-0.014,20161205,-102278.17,-17.0147,0.8539
224,700843.16,0.0005,598025.8,0.0005,20161206,-101974.2,-16.9725,0.8543
225,699869.17,0.0011,598700.22,0.0011,20161207,-101299.78,-16.8788,0.8553
226,700023.99,-0.0008,598198.34,-0.0008,20161208,-101801.66,-16.9485,0.8546
227,698380.14,-0.0024,596746.63,-0.0024,20161209,-103253.37,-17.1501,0.8525
228,699049.5,-0.0065,592850.5,-0.0066,20161212,-107149.5,-17.691,0.8469
229,696510.35,-0.0051,589838.63,-0.0051,20161213,-110161.37,-18.1091,0.8426
230,700534.33,0.001,590428.28,0.001,20161214,-109571.72,-18.0273,0.8435
231,699630.42,-0.0008,589974.88,-0.0008,20161215,-110025.12,-18.0902,0.8428
232,699340.06,-0.001,589372.98,-0.001,20161216,-110627.02,-18.1738,0.842
233,699563.51,0.0006,589712.55,0.0006,20161219,-110287.45,-18.1266,0.8424
234,697137.97,-0.0052,586641.97,-0.0052,20161220,-113358.03,-18.553,0.8381
235,695452.64,-0.0065,582846.81,-0.0065,20161221,-117153.19,-19.0799,0.8326
236,699220.0,-0.003,581126.98,-0.003,20161222,-118873.02,-19.3186,0.8302
237,696755.03,-0.0104,575071.91,-0.0105,20161223,-124928.09,-20.1593,0.8215
238,699056.14,0.0012,575757.83,0.0012,20161226,-124242.17,-20.0641,0.8225
239,700002.86,0.0021,576963.86,0.0021,20161227,-123036.14,-19.8966,0.8242
240,699907.99,0.0012,577662.47,0.0012,20161228,-122337.53,-19.7996,0.8252
241,699977.02,-0.0004,577417.47,-0.0004,20161229,-122582.53,-19.8336,0.8249
242,700579.2,0.002,578552.92,0.002,20161230,-121447.08,-19.676,0.8265
243,700114.67,0.0031,580336.26,0.0031,20170103,-119663.74,-19.4284,0.8291
244,701011.89,0.0032,582184.64,0.0032,20170104,-117815.36,-19.1718,0.8317
245,699900.54,-0.0018,581126.59,-0.0018,20170105,-118873.41,-19.3187,0.8302
246,695655.5,-0.01,575329.58,-0.01,20170106,-124670.42,-20.1235,0.8219
247,698066.58,-0.0017,574359.17,-0.0017,20170109,-125640.83,-20.2583,0.8205
248,699189.81,-0.0005,574045.96,-0.0005,20170110,-125954.04,-20.3017,0.8201
249,699245.55,-0.0028,572458.47,-0.0028,20170111,-127541.53,-20.5221,0.8178
250,699698.75,-0.0022,571212.11,-0.0022,20170112,-128787.89,-20.6952,0.816
251,696500.13,-0.0135,563481.68,-0.0136,20170113,-136518.32,-21.7684,0.805
252,689259.79,-0.02,552209.68,-0.0202,20170116,-147790.32,-23.3334,0.7889
253,699469.67,0.0005,552481.37,0.0005,20170117,-147518.63,-23.2957,0.7893
254,700720.3,0.0015,553323.5,0.0015,20170118,-146676.5,-23.1788,0.7905
255,699586.08,-0.0011,552711.22,-0.0011,20170119,-147288.78,-23.2638,0.7896
256,699813.48,0.0014,553509.25,0.0014,20170120,-146490.75,-23.153,0.7907
257,703915.13,0.0059,556773.33,0.0059,20170123,-143226.67,-22.6998,0.7954
258,697067.93,-0.0088,551884.39,-0.0088,20170124,-148115.61,-23.3786,0.7884
259,699507.75,0.0,551903.41,0.0,20170125,-148096.59,-23.3759,0.7884
260,700011.43,0.001,552450.41,0.001,20170126,-147549.59,-23.3,0.7892
261,699261.14,-0.0016,551566.42,-0.0016,20170203,-148433.58,-23.4227,0.788
262,703038.94,0.0168,560812.08,0.0166,20170206,-139187.92,-22.1391,0.8012
263,703313.79,0.007,564733.67,0.007,20170207,-135266.33,-21.5946,0.8068
264,700086.68,0.0061,568200.78,0.0061,20170208,-131799.22,-21.1133,0.8117
265,701750.04,0.0048,570933.91,0.0048,20170209,-129066.09,-20.7338,0.8156
266,699214.29,-0.0046,568307.61,-0.0046,20170210,-131692.39,-21.0984,0.8119
267,699807.28,0.0017,569270.39,0.0017,20170213,-130729.61,-20.9648,0.8132
268,705148.88,0.0133,576856.34,0.0132,20170214,-123143.66,-19.9116,0.8241
269,704539.11,0.0066,580656.81,0.0066,20170215,-119343.19,-19.3839,0.8295
270,698420.14,-0.0024,579278.19,-0.0024,20170216,-120721.81,-19.5753,0.8275
271,698716.56,-0.0031,577482.54,-0.0031,20170217,-122517.46,-19.8246,0.825
272,697284.59,-0.0084,572630.04,-0.0084,20170220,-127369.96,-20.4983,0.818
273,700115.49,0.0018,573670.4,0.0018,20170221,-126329.6,-20.3539,0.8195
274,699629.85,0.0005,573939.04,0.0005,20170222,-126060.96,-20.3166,0.8199
275,700670.18,0.0039,576162.13,0.0039,20170223,-123837.87,-20.0079,0.8231
276,702213.47,0.004,578450.73,0.004,20170224,-121549.27,-19.6902,0.8264
277,698076.41,-0.0049,575593.02,-0.005,20170227,-124406.98,-20.0869,0.8223
278,701721.2,0.008,580203.45,0.008,20170228,-119796.55,-19.4469,0.8289
279,701804.31,0.0017,581194.52,0.0017,20170301,-118805.48,-19.3093,0.8303
280,699875.19,-0.0005,580907.71,-0.0005,20170302,-119092.29,-19.3491,0.8299
281,699192.89,-0.0009,580372.91,-0.0009,20170303,-119627.09,-19.4233,0.8291
282,699506.84,0.0029,582066.93,0.0029,20170306,-117933.07,-19.1881,0.8315
283,700924.83,0.0032,583949.46,0.0032,20170307,-116050.54,-18.9268,0.8342
284,701195.21,0.0027,585551.12,0.0027,20170308,-114448.88,-18.7044,0.8365
285,699970.11,0.0008,585999.01,0.0008,20170309,-114000.99,-18.6422,0.8371
286,699755.9,-0.0012,585303.58,-0.0012,20170310,-114696.42,-18.7388,0.8361
287,698225.84,0.0006,585672.17,0.0006,20170313,-114327.83,-18.6876,0.8367
288,704340.38,0.0093,591094.22,0.0092,20170314,-108905.78,-17.9348,0.8444
289,699798.23,-0.0001,591058.88,-0.0001,20170315,-108941.12,-17.9397,0.8444
290,700899.42,0.0068,595098.06,0.0068,20170316,-104901.94,-17.3789,0.8501
291,700089.58,-0.0027,593508.61,-0.0027,20170317,-106491.39,-17.5996,0.8479
292,698805.1,0.0041,595918.24,0.0041,20170320,-104081.76,-17.2651,0.8513
293,707280.36,0.0199,607778.9,0.0197,20170321,-92221.1,-15.6184,0.8683
294,703336.83,0.0088,613110.68,0.0087,20170322,-86889.32,-14.8781,0.8759
295,698705.77,-0.0036,610914.96,-0.0036,20170323,-89085.04,-15.183,0.8727
296,699183.98,-0.0035,608803.67,-0.0035,20170324,-91196.33,-15.4761,0.8697
297,697838.45,-0.0033,606810.97,-0.0033,20170327,-93189.03,-15.7528,0.8669
298,699305.7,-0.0015,605899.07,-0.0015,20170328,-94100.93,-15.8794,0.8656
299,699059.84,-0.0009,605366.59,-0.0009,20170329,-94633.41,-15.9533,0.8648
300,698083.67,-0.0032,603435.38,-0.0032,20170330,-96564.62,-16.2214,0.8621
301,698878.45,-0.0085,598295.61,-0.0086,20170331,-101704.39,-16.935,0.8547
302,694302.92,-0.0072,594004.5,-0.0072,20170405,-105995.5,-17.5308,0.8486
303,703202.29,0.0008,594478.46,0.0008,20170406,-105521.54,-17.465,0.8493
304,698052.03,-0.0075,590041.86,-0.0075,20170407,-109958.14,-18.0809,0.8429
305,691752.57,-0.0209,577700.85,-0.0211,20170410,-122299.15,-19.7943,0.8253
306,695501.62,-0.0073,573460.18,-0.0074,20170411,-126539.82,-20.3831,0.8192
307,700507.79,0.002,574589.23,0.002,20170412,-125410.77,-20.2263,0.8208
308,699454.74,-0.0018,573560.14,-0.0018,20170413,-126439.86,-20.3692,0.8194
309,696770.34,-0.0117,566844.23,-0.0118,20170414,-133155.77,-21.3016,0.8098
310,686374.59,-0.0305,549541.49,-0.031,20170417,-150458.51,-23.7038,0.7851
311,700318.36,-0.0014,548781.91,-0.0014,20170418,-151218.09,-23.8093,0.784
312,711619.61,0.0241,562006.17,0.0238,20170419,-137993.83,-21.9733,0.8029
313,700604.27,0.0002,562124.96,0.0002,20170420,-137875.04,-21.9568,0.803
314,699178.39,-0.0022,560910.91,-0.0022,20170421,-139089.09,-22.1254,0.8013
315,696977.22,-0.0068,557119.15,-0.0068,20170424,-142880.85,-22.6518,0.7959
316,702568.97,0.0067,560830.06,0.0066,20170425,-139169.94,-22.1366,0.8012
317,701093.83,0.0048,563515.74,0.0048,20170426,-136484.26,-21.7637,0.805
318,703845.64,0.0072,567552.73,0.0071,20170427,-132447.27,-21.2032,0.8108
319,704482.0,0.0072,571659.85,0.0072,20170428,-128340.15,-20.633,0.8167
320,699598.89,-0.0012,570963.95,-0.0012,20170502,-129036.05,-20.7296,0.8157
321,699789.65,0.0,570988.87,0.0,20170503,-129011.13,-20.7262,0.8157
322,699803.47,-0.0011,570371.46,-0.0011,20170504,-129628.54,-20.8119,0.8148
323,699565.57,-0.003,568684.62,-0.003,20170505,-131315.38,-21.0461,0.8124
324,697817.05,-0.0097,563196.46,-0.0097,20170508,-136803.54,-21.808,0.8046
325,696380.96,-0.0047,560547.73,-0.0047,20170509,-139452.27,-22.1758,0.8008
326,699962.52,-0.0004,560295.76,-0.0004,20170510,-139704.24,-22.2108,0.8004
327,699281.47,0.0013,560996.92,0.0013,20170511,-139003.08,-22.1134,0.8014
328,700480.95,0.0029,562651.41,0.0029,20170512,-137348.59,-21.8837,0.8038
329,699633.93,0.0001,562726.84,0.0001,20170515,-137273.16,-21.8732,0.8039
330,700313.62,0.0042,565094.99,0.0042,20170516,-134905.01,-21.5445,0.8073
331,702568.06,0.0044,567584.0,0.0044,20170517,-132416.0,-21.1989,0.8108
332,698989.3,-0.0038,565411.89,-0.0038,20170518,-134588.11,-21.5005,0.8077
333,697716.82,-0.0038,563287.81,-0.0038,20170519,-136712.19,-21.7954,0.8047
334,697814.69,-0.0126,556184.78,-0.0127,20170522,-143815.22,-22.7815,0.7945
335,691301.87,-0.0162,547180.82,-0.0163,20170523,-152819.18,-24.0316,0.7817
336,699582.38,-0.0008,546715.99,-0.0008,20170524,-153284.01,-24.0961,0.781
337,699671.32,-0.0005,546434.0,-0.0005,20170525,-153566.0,-24.1353,0.7806
338,699915.28,-0.0006,546123.38,-0.0006,20170526,-153876.62,-24.1784,0.7802
339,701492.14,-0.0012,545448.56,-0.0012,20170531,-154551.44,-24.2721,0.7792
340,694499.63,-0.0103,539808.44,-0.0104,20170601,-160191.56,-25.0551,0.7712
341,699791.46,0.0009,540268.86,0.0009,20170602,-159731.14,-24.9912,0.7718
342,700331.13,-0.007,536472.38,-0.0071,20170605,-163527.62,-25.5183,0.7664
343,692458.23,-0.0132,529394.12,-0.0133,20170606,-170605.88,-26.501,0.7563
344,700899.31,0.0027,530836.01,0.0027,20170607,-169163.99,-26.3008,0.7583
345,700254.25,0.0001,530881.57,0.0001,20170608,-169118.43,-26.2945,0.7584
346,699286.12,-0.001,530338.65,-0.001,20170609,-169661.35,-26.3699,0.7576
347,698610.05,-0.0068,526716.18,-0.0069,20170612,-173283.82,-26.8728,0.7525
348,699746.07,0.0005,527003.43,0.0005,20170613,-172996.57,-26.8329,0.7529
349,699997.6,-0.0013,526309.2,-0.0013,20170614,-173690.8,-26.9293,0.7519
350,700184.75,0.0016,527127.4,0.0016,20170615,-172872.6,-26.8157,0.753
351,699874.96,-0.0006,526787.43,-0.0006,20170616,-173212.57,-26.8629,0.7526
352,699133.76,-0.0008,526361.07,-0.0008,20170619,-173638.93,-26.9221,0.7519
353,700282.32,-0.0006,526026.81,-0.0006,20170620,-173973.19,-26.9685,0.7515
354,698645.41,-0.0024,524762.4,-0.0024,20170621,-175237.6,-27.1441,0.7497
355,698182.03,-0.0058,521734.4,-0.0058,20170622,-178265.6,-27.5645,0.7453
356,696276.91,-0.0105,516268.55,-0.0105,20170623,-183731.45,-28.3233,0.7375
357,699543.76,-0.0003,516093.3,-0.0003,20170626,-183906.7,-28.3477,0.7373
358,701529.27,-0.0001,516044.88,-0.0001,20170627,-183955.12,-28.3544,0.7372
359,699039.77,-0.004,513965.14,-0.004,20170628,-186034.86,-28.6431,0.7342
360,699728.08,-0.0032,512337.01,-0.0032,20170629,-187662.99,-28.8692,0.7319
361,698446.3,-0.0021,511255.0,-0.0021,20170630,-188745.0,-29.0194,0.7304
362,699948.08,0.0015,512045.72,0.0015,20170703,-187954.28,-28.9096,0.7315
363,696854.73,-0.006,508989.03,-0.006,20170704,-191010.97,-29.334,0.7271
364,701196.77,0.0047,511400.26,0.0047,20170705,-188599.74,-28.9992,0.7306
365,699996.14,0.0029,512865.25,0.0029,20170706,-187134.75,-28.7958,0.7327
366,700933.12,0.004,514925.3,0.004,20170707,-185074.7,-28.5098,0.7356
367,695424.11,-0.0144,507533.8,-0.0145,20170710,-192466.2,-29.536,0.725
368,696037.61,-0.0101,502390.47,-0.0102,20170711,-197609.53,-30.2501,0.7177
369,699001.2,-0.0021,501326.85,-0.0021,20170712,-198673.15,-30.3978,0.7162
370,699788.22,-0.0009,500883.96,-0.0009,20170713,-199116.04,-30.4593,0.7155
371,699700.0,-0.0015,500123.94,-0.0015,20170714,-199876.06,-30.5648,0.7145
372,696505.95,-0.009,495608.34,-0.0091,20170717,-204391.66,-31.1917,0.708
373,699249.16,-0.0009,495149.79,-0.0009,20170718,-204850.21,-31.2554,0.7074
374,699924.32,0.0013,495800.92,0.0013,20170719,-204199.08,-31.165,0.7083
375,700533.77,-0.0069,492394.14,-0.0069,20170720,-207605.86,-31.638,0.7034
376,692490.78,-0.0156,484729.57,-0.0157,20170721,-215270.43,-32.7021,0.6925
377,700304.89,0.0017,485574.35,0.0017,20170724,-214425.65,-32.5848,0.6937
378,700423.08,0.0016,486343.31,0.0016,20170725,-213656.69,-32.478,0.6948
379,700196.1,0.0008,486749.2,0.0008,20170726,-213250.8,-32.4217,0.6954
380,700612.17,0.0024,487913.16,0.0024,20170727,-212086.84,-32.2601,0.697
381,700404.12,0.0,487922.78,0.0,20170728,-212077.22,-32.2587,0.697
382,699653.77,-0.0006,487617.35,-0.0006,20170731,-212382.65,-32.3011,0.6966
383,700203.84,0.0008,488001.02,0.0008,20170801,-211998.98,-32.2479,0.6971
384,699427.89,-0.0017,487167.42,-0.0017,20170802,-212832.58,-32.3636,0.696
385,699396.93,-0.0028,485802.2,-0.0028,20170803,-214197.8,-32.5531,0.694
386,698547.18,-0.0033,484204.9,-0.0033,20170804,-215795.1,-32.7749,0.6917
387,699125.72,-0.0027,482902.44,-0.0027,20170807,-217097.56,-32.9557,0.6899
388,699394.16,-0.0013,482292.32,-0.0013,20170808,-217707.68,-33.0404,0.689
389,699532.29,-0.001,481822.39,-0.001,20170809,-218177.61,-33.1057,0.6883
390,699303.36,-0.0019,480908.25,-0.0019,20170810,-219091.75,-33.2326,0.687
391,699553.29,-0.0016,480136.92,-0.0016,20170811,-219863.08,-33.3397,0.6859
392,700015.31,0.0034,481771.92,0.0034,20170814,-218228.08,-33.1127,0.6882
393,700987.39,0.0072,485244.26,0.0072,20170815,-214755.74,-32.6306,0.6932
394,707296.87,0.015,492545.59,0.0149,20170816,-207454.41,-31.6169,0.7036
395,700195.51,0.0001,492618.26,0.0001,20170817,-207381.74,-31.6068,0.7037
396,699666.26,-0.0005,492371.08,-0.0005,20170818,-207628.92,-31.6412,0.7034
397,701101.27,0.0063,495475.07,0.0063,20170821,-204524.93,-31.2102,0.7078
398,701523.71,0.0034,497163.36,0.0034,20170822,-202836.64,-30.9758,0.7102
399,699724.03,0.0004,497369.26,0.0004,20170823,-202630.74,-30.9472,0.7105
400,700660.53,-0.0001,497332.57,-0.0001,20170824,-202667.43,-30.9523,0.7105
401,699378.3,0.0022,498438.92,0.0022,20170825,-201561.08,-30.7987,0.7121
402,702843.49,0.0058,501324.04,0.0058,20170828,-198675.96,-30.3982,0.7162
403,700049.25,-0.0008,500909.61,-0.0008,20170829,-199090.39,-30.4557,0.7156
404,698844.21,-0.0026,499617.84,-0.0026,20170830,-200382.16,-30.635,0.7137
405,700180.79,0.0009,500051.3,0.0009,20170831,-199948.7,-30.5749,0.7144
406,698981.11,-0.0003,499884.38,-0.0003,20170901,-200115.62,-30.598,0.7141
407,698032.59,-0.0096,495061.96,-0.0097,20170904,-204938.04,-31.2676,0.7072
408,699598.93,-0.0008,494681.05,-0.0008,20170905,-205318.95,-31.3204,0.7067
409,699385.92,0.0018,495582.39,0.0018,20170906,-204417.61,-31.1953,0.708
410,702936.39,0.0049,497994.75,0.0049,20170907,-202005.25,-30.8604,0.7114
411,699366.39,0.0003,498146.39,0.0003,20170908,-201853.61,-30.8393,0.7116
412,701874.08,0.0164,506337.71,0.0163,20170911,-193662.29,-29.7021,0.7233
413,700039.52,0.0044,508564.43,0.0044,20170912,-191435.57,-29.3929,0.7265
414,699766.96,0.0064,511838.33,0.0064,20170913,-188161.67,-28.9384,0.7312
415,701390.21,0.008,515912.15,0.0079,20170914,-184087.85,-28.3728,0.737
416,698961.01,0.0019,516867.55,0.0019,20170915,-183132.45,-28.2402,0.7384
417,698640.28,0.0017,517749.54,0.0017,20170918,-182250.46,-28.1177,0.7396
418,700515.78,0.0086,522186.21,0.0085,20170919,-177813.79,-27.5017,0.746
419,702155.02,0.0059,525284.37,0.0059,20170920,-174715.63,-27.0716,0.7504
420,699909.76,-0.0013,524582.84,-0.0013,20170921,-175417.16,-27.169,0.7494
421,699216.13,-0.0033,522827.14,-0.0034,20170922,-177172.86,-27.4128,0.7469
422,698744.58,0.0001,522901.82,0.0001,20170925,-177098.18,-27.4024,0.747
423,693988.23,-0.0125,516348.24,-0.0126,20170926,-183651.76,-28.3123,0.7376
424,699262.63,-0.0015,515582.04,-0.0015,20170927,-184417.96,-28.4186,0.7365
425,700773.05,0.0005,515860.78,0.0005,20170928,-184139.22,-28.3799,0.7369
426,699811.4,-0.0009,515422.06,-0.0009,20170929,-184577.94,-28.4408,0.7363
427,700865.96,0.0021,516518.43,0.0021,20171009,-183481.57,-28.2886,0.7379
428,700320.56,0.0076,520422.83,0.0075,20171010,-179577.17,-27.7466,0.7435
429,699105.12,-0.0031,518810.53,-0.0031,20171011,-181189.47,-27.9704,0.7412
430,697747.43,-0.0023,517618.09,-0.0023,20171012,-182381.91,-28.136,0.7395
431,700837.21,0.0034,519403.15,0.0034,20171013,-180596.85,-27.8881,0.742
432,698827.04,-0.0015,518645.57,-0.0015,20171016,-181354.43,-27.9933,0.7409
433,701852.49,0.004,520730.86,0.004,20171017,-179269.14,-27.7038,0.7439
434,700050.01,-0.0009,520273.36,-0.0009,20171018,-179726.64,-27.7673,0.7432
435,699131.24,-0.0016,519439.89,-0.0016,20171019,-180560.11,-27.883,0.7421
436,699576.59,-0.0014,518725.0,-0.0014,20171020,-181275.0,-27.9823,0.741
437,699063.07,-0.0001,518661.86,-0.0001,20171023,-181338.14,-27.991,0.7409
438,698634.58,-0.0031,517038.65,-0.0031,20171024,-182961.35,-28.2164,0.7386
439,698905.61,-0.0013,516381.89,-0.0013,20171025,-183618.11,-28.3076,0.7377
440,700566.45,0.0007,516750.67,0.0007,20171026,-183249.33,-28.2564,0.7382
441,699485.69,-0.0026,515381.43,-0.0027,20171027,-184618.57,-28.4465,0.7363
442,693504.57,-0.0146,507874.4,-0.0147,20171030,-192125.6,-29.4887,0.7255
443,699815.6,-0.0003,507742.08,-0.0003,20171031,-192257.92,-29.5071,0.7253
444,699982.21,-0.0003,507614.48,-0.0003,20171101,-192385.52,-29.5248,0.7252
445,699513.59,-0.0017,506740.22,-0.0017,20171102,-193259.78,-29.6462,0.7239
446,699832.34,-0.0005,506502.75,-0.0005,20171103,-193497.25,-29.6792,0.7236
447,699732.29,-0.0003,506364.43,-0.0003,20171106,-193635.57,-29.6984,0.7234
448,699683.54,0.0001,506394.82,0.0001,20171107,-193605.18,-29.6942,0.7234
449,700432.28,0.0006,506679.84,0.0006,20171108,-193320.16,-29.6546,0.7238
450,699765.28,-0.0003,506543.99,-0.0003,20171109,-193456.01,-29.6734,0.7236
451,700287.12,-0.0013,505901.07,-0.0013,20171110,-194098.93,-29.7627,0.7227
452,699334.67,-0.0009,505448.03,-0.0009,20171113,-194551.97,-29.8256,0.7221
453,699669.76,-0.001,504922.56,-0.001,20171114,-195077.44,-29.8986,0.7213
454,696541.51,-0.0074,501197.65,-0.0074,20171115,-198802.35,-30.4157,0.716
455,699059.49,-0.0045,498951.7,-0.0045,20171116,-201048.3,-30.7275,0.7128
456,697354.53,-0.0056,496147.1,-0.0056,20171117,-203852.9,-31.1169,0.7088
457,699742.55,0.0018,497035.26,0.0018,20171120,-202964.74,-30.9936,0.7101
458,696492.74,-0.0055,494278.23,-0.0056,20171121,-205721.77,-31.3764,0.7061
459,700824.32,0.0027,495597.97,0.0027,20171122,-204402.03,-31.1931,0.708
460,699846.62,-0.0019,494675.11,-0.0019,20171123,-205324.89,-31.3213,0.7067
461,699049.76,-0.0023,493526.18,-0.0023,20171124,-206473.82,-31.4808,0.705
462,699505.92,-0.0041,491483.9,-0.0041,20171127,-208516.1,-31.7643,0.7021
463,699371.0,-0.0004,491299.59,-0.0004,20171128,-208700.41,-31.7899,0.7019
464,699135.31,-0.0013,490672.61,-0.0013,20171129,-209327.39,-31.877,0.701
465,699787.7,-0.0008,490260.4,-0.0008,20171130,-209739.6,-31.9342,0.7004
466,699291.28,-0.0021,489248.18,-0.0021,20171201,-210751.82,-32.0747,0.6989
467,696964.94,-0.0099,484417.11,-0.0099,20171204,-215582.89,-32.7454,0.692
468,694779.88,-0.0111,479056.81,-0.0111,20171205,-220943.19,-33.4897,0.6844
469,699642.19,0.0001,479090.0,0.0001,20171206,-220910.0,-33.485,0.6844
470,700337.56,0.0003,479239.03,0.0003,20171207,-220760.97,-33.4644,0.6846
471,700241.78,0.0029,480617.65,0.0029,20171208,-219382.35,-33.273,0.6866
472,700890.63,0.0055,483254.52,0.0055,20171211,-216745.48,-32.9069,0.6904
473,696343.81,-0.0071,479843.43,-0.0071,20171212,-220156.57,-33.3804,0.6855
474,699741.1,0.0022,480901.18,0.0022,20171213,-219098.82,-33.2336,0.687
475,700085.13,0.0046,483091.03,0.0045,20171214,-216908.97,-32.9296,0.6901
476,699758.45,0.002,484054.49,0.002,20171215,-215945.51,-32.7958,0.6915
477,698549.2,-0.0033,482479.01,-0.0033,20171218,-217520.99,-33.0145,0.6893
478,696433.19,-0.0059,479639.36,-0.0059,20171219,-220360.64,-33.4088,0.6852
479,699129.66,-0.0025,478430.96,-0.0025,20171220,-221569.04,-33.5765,0.6835
480,698778.66,-0.0024,477290.18,-0.0024,20171221,-222709.82,-33.7349,0.6818
481,699578.0,-0.0038,475482.85,-0.0038,20171222,-224517.15,-33.9858,0.6793
482,701184.03,0.0018,476327.09,0.0018,20171225,-223672.91,-33.8686,0.6805
483,700098.41,0.0008,476715.28,0.0008,20171226,-223284.72,-33.8147,0.681
484,700406.57,0.0002,476794.18,0.0002,20171227,-223205.82,-33.8038,0.6811
485,699315.58,-0.0005,476556.59,-0.0005,20171228,-223443.41,-33.8368,0.6808
486,698126.74,-0.0051,474125.84,-0.0051,20171229,-225874.16,-34.1742,0.6773
487,698437.48,-0.0015,473415.44,-0.0015,20180102,-226584.56,-34.2729,0.6763
488,698728.08,-0.0031,471950.0,-0.0031,20180103,-228050.0,-34.4763,0.6742
489,699633.18,-0.0008,471593.58,-0.0008,20180104,-228406.42,-34.5258,0.6737
490,699722.08,-0.0007,471271.77,-0.0007,20180105,-228728.23,-34.5705,0.6732
