,TRADEDATE,LCLOSE,TOPEN,TCLOSE,THIGH,TLOW,VOL,AMOUNT,CHANGE,PCHG,TOTMKTCAP,NEGOTIABLEMV
0,20160105,3469.066,3382.177,3478.78,3518.217,3377.28,162116984.0,1.96017085879e+11,9.714,0.28,2374509609.29,2117855242.37
1,20160106,3478.78,3482.406,3539.808,3543.739,3468.467,145966144.0,1.60947198402e+11,61.028,1.7543,2420513061.29,2158279389.49
2,20160107,3539.808,3481.15,3294.384,3481.15,3284.737,44102641.0,47130795628.0,-245.424,-6.9333,2263382362.59,2025576125.2
3,20160108,3294.384,3371.871,3361.563,3418.851,3237.931,185959451.0,2.03498868289e+11,67.179,2.0392,2312438040.58,2068060282.18
4,20160111,3361.563,3303.125,3192.45,3342.481,3192.45,174638387.0,1.8446405018e+11,-169.113,-5.0308,2203401662.27,1973129290.11
5,20160112,3192.45,3214.823,3215.71,3242.253,3174.55,128225796.0,1.4204890971e+11,23.26,0.7286,2219086788.42,1986104105.74
6,20160113,3215.71,3240.484,3155.879,3257.295,3155.879,120666494.0,1.30886082444e+11,-59.831,-1.8606,2178934768.59,1949751255.96
7,20160114,3155.879,3076.645,3221.571,3226.658,3072.039,134537671.0,1.44771580596e+11,65.692,2.0816,2219191404.52,1982725859.53
8,20160115,3221.571,3200.888,3118.73,3216.798,3101.052,124601779.0,1.31882737252e+11,-102.841,-3.1923,2145702755.06,1918271054.36
9,20160118,3118.73,3068.2348,3130.7289,3165.6164,3066.727,101128386.0,1.09458287764e+11,11.9989,0.3847,2150128282.21,1921107190.33
10,20160119,3130.7289,3132.7047,3223.1251,3227.908,3119.2163,127653893.0,1.42907686296e+11,92.3962,2.9513,2213460791.77,1976325418.9
11,20160120,3223.1251,3204.2183,3174.3781,3225.9496,3154.4259,130650504.0,1.43313337192e+11,-48.747,-1.5124,2184819031.32,1950831755.18
12,20160121,3174.3781,3136.3841,3081.3454,3202.5381,3081.3454,111189733.0,1.21856195433e+11,-93.0327,-2.9307,2123705535.54,1898043693.44
13,20160122,3081.3454,3114.895,3113.4626,3132.1708,3053.9581,89951087.0,96885673841.6,32.1172,1.0423,2146753420.88,1919902569.04
14,20160125,3113.4626,3129.0279,3128.886,3149.3322,3105.1004,81540061.0,85777891363.9,15.4234,0.4954,2157148610.0,1929714699.76
15,20160126,3128.886,3099.5957,2940.5085,3106.5302,2934.6469,126933921.0,1.27250652518e+11,-188.3775,-6.0206,2026661466.53,1818022165.94
16,20160127,2940.5085,2953.1826,2930.3519,2963.5438,2839.2899,132229366.0,1.26997670778e+11,-10.1566,-0.3454,2022264144.54,1815773223.49
17,20160128,2930.3519,2909.3341,2853.7562,2941.8866,2841.8442,99222756.0,95663874927.3,-76.5957,-2.6139,1973974259.66,1773943105.71
18,20160129,2853.7562,2855.5983,2946.0902,2965.3093,2854.3712,113304259.0,1.0946235668e+11,92.334,3.2355,2033607363.08,1824786913.58
19,20160201,2946.0902,2939.0401,2901.0477,2944.5172,2869.5614,86795342.0,82931453497.7,-45.0425,-1.5289,1998497315.72,1793280080.93
20,20160202,2901.0477,2901.5284,2961.3337,2972.4258,2901.5119,88601963.0,88740230428.0,60.286,2.0781,2036847638.78,1825676636.52
21,20160203,2961.3337,2931.2883,2948.6386,2954.71,2909.8982,77389000.0,74817092259.0,-12.6951,-0.4287,2024950162.4,1814116305.19
22,20160204,2948.6386,2960.3335,2984.7598,2999.2061,2960.2065,91779724.0,91550346871.8,36.1212,1.225,2049626609.84,1836853348.94
23,20160205,2984.7598,2982.0563,2963.7894,2988.3597,2962.8471,76850808.0,77443222334.1,-20.9704,-0.7026,2036247640.86,1826041948.41
24,20160215,2963.7894,2888.4277,2946.7066,2961.4926,2886.0183,72919434.0,71285049140.5,-17.0828,-0.5764,2021824058.12,1814003341.79
25,20160216,2946.7066,2962.1871,3037.0353,3042.0886,2962.1871,112579643.0,1.12300492317e+11,90.3287,3.0654,2082331556.93,1867160430.57
26,20160217,3037.0353,3034.0902,3063.3199,3065.7845,3027.0458,128291607.0,1.22279340234e+11,26.2846,0.8655,2101809229.58,1885098960.12
27,20160218,3063.3199,3079.5272,3053.6985,3093.5129,3049.8407,124401464.0,1.22618612161e+11,-9.6214,-0.3141,2094574633.84,1878874913.72
28,20160219,3053.6985,3047.9417,3051.585,3065.9677,3032.6336,87338012.0,90849341803.6,-2.1135,-0.0692,2090607356.66,1875080367.77
29,20160222,3051.585,3083.9325,3118.8675,3128.2069,3071.3289,140946968.0,1.41684080627e+11,67.2825,2.2048,2139174221.61,1917870129.51
30,20160223,3118.8675,3117.2027,3089.3632,3119.2209,3061.4294,112567391.0,1.17476469062e+11,-29.5043,-0.946,2119501370.78,1900435352.88
31,20160224,3089.3632,3077.6062,3109.5454,3109.5454,3055.2511,111782650.0,1.12918607549e+11,20.1822,0.6533,2133658921.78,1913723165.08
32,20160225,3109.5454,3104.4097,2918.7501,3104.4357,2905.4565,157829752.0,1.53493008194e+11,-190.7953,-6.1358,2007388015.02,1805368553.6
33,20160226,2918.7501,2942.0954,2948.0306,2964.3851,2902.948,106949729.0,1.02531571946e+11,29.2805,1.0032,2030214072.67,1826540813.18
34,20160229,2948.0306,2939.5802,2877.4666,2939.8745,2821.2149,129341020.0,1.18440829598e+11,-70.564,-2.3936,1988775963.87,1791643333.27
35,20160301,2877.4666,2881.3353,2930.6937,2950.4361,2863.3228,116045918.0,1.10491037808e+11,53.2271,1.8498,2023024347.39,1820170271.69
36,20160302,2930.6937,2933.9209,3051.3327,3054.7237,2933.1162,175972347.0,1.6402516147e+11,120.639,4.1164,2103600207.16,1890826019.26
37,20160303,3051.3327,3050.3886,3058.4219,3078.4437,3040.2463,173105744.0,1.65509087742e+11,7.0892,0.2323,2108871685.9,1896977114.26
38,20160304,3058.4219,3047.5371,3093.8895,3101.6556,3032.4235,219172534.0,2.05520475542e+11,35.4676,1.1597,2140453015.86,1928204830.52
39,20160307,3093.8895,3108.9994,3104.8397,3130.9032,3083.5843,132462037.0,1.27790344488e+11,10.9502,0.3539,2146752123.19,1932110784.52
40,20160308,3104.8397,3100.1492,3107.6727,3109.2499,3001.8285,136235742.0,1.28758488144e+11,2.833,0.0912,2147945523.04,1934036522.3
41,20160309,3107.6727,3045.9238,3071.907,3072.9156,3020.1335,111466245.0,1.06298652784e+11,-35.7657,-1.1509,2126940684.24,1916848065.37
42,20160310,3071.907,3056.2104,3013.1457,3074.1602,3012.6908,76072197.0,78180468559.0,-58.7613,-1.9129,2085924826.05,1879632384.87
43,20160311,3013.1457,2990.2135,3018.2844,3026.4368,2982.1722,73333564.0,74367296547.5,5.1387,0.1705,2091829580.73,1884869424.61
44,20160314,3018.2844,3039.5689,3065.6904,3106.8002,3033.9997,117108655.0,1.23539094703e+11,47.406,1.5706,2121181915.53,1909118016.96
45,20160315,3065.6904,3061.3427,3074.7796,3077.0846,3028.5781,98311941.0,1.01302845698e+11,9.0892,0.2965,2126404480.94,1914587295.91
46,20160316,3074.7796,3068.8664,3090.0328,3100.3518,3064.5209,124736448.0,1.26128854001e+11,15.2532,0.4961,2137809354.91,1927127886.89
47,20160317,3090.0328,3096.8076,3124.2039,3147.8413,3077.5717,121661777.0,1.36603715775e+11,34.1711,1.1058,2157060067.87,1942077567.91
48,20160318,3124.2039,3136.2234,3171.963,3197.6683,3130.1021,197302564.0,2.10017810346e+11,47.7591,1.5287,2185573980.83,1965770972.55
49,20160321,3171.963,3203.2929,3249.4372,3267.7751,3198.3608,233269464.0,2.56836636273e+11,77.4742,2.4425,2230275193.21,2002850809.56
50,20160322,3249.4372,3231.6146,3225.7903,3249.6772,3218.7276,161020897.0,1.94211982989e+11,-23.6469,-0.7277,2214967187.78,1988469916.74
51,20160323,3225.7903,3217.7288,3236.0924,3242.2466,3202.9759,125679286.0,1.55567074583e+11,10.3021,0.3194,2221449187.85,1998078174.87
52,20160324,3236.0924,3211.496,3181.8507,3221.9061,3181.8128,133131122.0,1.62436036415e+11,-54.2417,-1.6761,2184746431.04,1965848213.1
53,20160325,3181.8507,3176.8101,3197.8169,3204.4423,3174.3179,97395330.0,1.15195604431e+11,15.9662,0.5018,2195009947.84,1975757316.2
54,20160328,3197.8169,3206.9532,3169.7283,3229.6237,3161.8782,103441933.0,1.23844044128e+11,-28.0886,-0.8784,2178888497.6,1962466284.51
55,20160329,3169.7283,3171.3138,3135.4098,3178.0748,3122.7605,97294747.0,1.13844280553e+11,-34.3185,-1.0827,2156378614.98,1943027308.3
56,20160330,3135.4098,3161.2886,3216.2753,3216.6755,3161.2886,117802512.0,1.40721774451e+11,80.8655,2.5791,2210192930.69,1990957050.52
57,20160331,3216.2753,3229.1995,3218.0879,3241.9268,3208.6649,121552074.0,1.47267617416e+11,1.8126,0.0564,2211110266.02,1991711788.24
58,20160401,3218.0879,3213.674,3221.8948,3222.6124,3165.8555,118122139.0,1.27050098456e+11,3.8069,0.1183,2215477180.89,1995945184.42
59,20160405,3221.8948,3211.3046,3264.4858,3271.9301,3205.2065,146047772.0,1.59296543667e+11,42.591,1.3219,2244164978.2,2020787541.82
60,20160406,3264.4858,3250.5215,3257.5276,3267.64,3236.1961,120196305.0,1.37206268587e+11,-6.9582,-0.2131,2236140786.97,2013744336.32
61,20160407,3257.5276,3266.2883,3209.2902,3270.8202,3208.6443,112409467.0,1.2827306772e+11,-48.2374,-1.4808,2204128031.87,1985455863.79
62,20160408,3209.2902,3189.8456,3185.7258,3197.7736,3163.305,101005625.0,1.13920716518e+11,-23.5644,-0.7343,2187431699.5,1971211249.38
63,20160411,3185.7258,3213.507,3230.0957,3251.5717,3213.507,125212709.0,1.4275949134e+11,44.3699,1.3928,2217972414.11,1997836853.71
64,20160412,3230.0957,3227.3673,3218.4497,3232.2642,3198.9027,92869437.0,99086557951.4,-11.646,-0.3605,2211129456.83,1992389625.59
65,20160413,3218.4497,3237.8575,3261.3831,3296.5228,3237.8575,195613866.0,2.0015960129e+11,42.9334,1.334,2242639716.57,2020289848.59
66,20160414,3261.3831,3277.0982,3275.8321,3286.0716,3252.0499,113157327.0,1.1798944345e+11,14.449,0.443,2250497397.77,2026337957.38
67,20160415,3275.8321,3279.8566,3272.2053,3282.9846,3261.7299,99807529.0,1.07963982334e+11,-3.6268,-0.1107,2252190474.17,2022313248.46
68,20160418,3272.2053,3252.6706,3228.4531,3252.6706,3221.6623,97090069.0,1.03956150095e+11,-43.7522,-1.3371,2222184842.81,1996164708.9
69,20160419,3228.4531,3243.9712,3238.3029,3250.7253,3221.5773,80871440.0,90976236261.1,9.8498,0.3051,2227436446.5,2001002585.6
70,20160420,3238.3029,3244.1419,3181.0264,3248.4218,3107.3693,162207858.0,1.72324694469e+11,-57.2765,-1.7687,2190126740.98,1969540473.16
71,20160421,3181.0264,3160.7958,3160.6033,3198.557,3150.9395,104752651.0,1.10324379038e+11,-20.4231,-0.642,2176680968.94,1957983405.82
72,20160422,3160.6033,3142.5611,3174.9012,3175.3799,3137.9927,77078492.0,82442921902.7,14.2979,0.4524,2183628355.29,1964029500.56
73,20160425,3174.9012,3164.7384,3162.0331,3172.2694,3137.113,67519351.0,74734848036.1,-12.8681,-0.4053,2175162914.49,1957124389.64
74,20160426,3162.0331,3159.7706,3179.1605,3181.0954,3150.4041,59020734.0,68871554172.7,17.1274,0.5417,2184695340.21,1968323282.81
75,20160427,3179.1605,3181.9305,3165.9156,3188.8264,3162.6914,60004147.0,70620405994.6,-13.2449,-0.4166,2175921863.92,1960716712.56
76,20160428,3165.9156,3169.3333,3160.5809,3174.7662,3135.6425,69870660.0,78876767222.2,-5.3347,-0.1685,2173323406.18,1959151490.75
77,20160429,3160.5809,3153.5371,3156.7451,3171.2887,3149.3966,58029776.0,70807704221.5,-3.8358,-0.1214,2168117503.15,1954312701.97
78,20160503,3156.7451,3159.823,3213.5397,3218.485,3151.4045,98164835.0,1.15733867591e+11,56.7946,1.7992,2203929297.68,1985840409.38
79,20160504,3213.5397,3203.4653,3209.4614,3222.8816,3198.2919,90862408.0,97797134812.5,-4.0783,-0.1269,2199741333.39,1982079973.03
80,20160505,3209.4614,3204.1686,3213.9199,3217.282,3196.5661,74733681.0,83946496907.6,4.4585,0.1389,2203024563.72,1984425037.42
81,20160506,3213.9199,3213.1358,3130.3544,3216.893,3130.1469,108680240.0,1.19265216104e+11,-83.5655,-2.6001,2148897908.56,1936345157.2
82,20160509,3130.3544,3115.4301,3065.6154,3115.4301,3055.0057,99230477.0,1.00409213488e+11,-64.739,-2.0681,2102439153.12,1895415214.26
83,20160510,3065.6154,3055.2119,3069.1124,3084.7245,3055.1831,68849935.0,70650764147.2,3.497,0.1141,2104580881.18,1897157668.73
84,20160511,3069.1124,3080.6361,3082.8086,3102.8768,3063.0883,81794258.0,87323408341.7,13.6962,0.4463,2114585855.88,1906125796.54
85,20160512,3082.8086,3059.3831,3090.1372,3095.3489,3035.0228,78765726.0,81418792606.2,7.3286,0.2377,2117892749.86,1908534262.66
86,20160513,3090.1372,3081.6797,3074.9351,3103.0955,3064.691,62629755.0,65850995648.7,-15.2021,-0.492,2109431209.93,1901370984.4
87,20160516,3074.9351,3064.5261,3095.3085,3095.5554,3053.6619,59461856.0,64405200020.1,20.3734,0.6626,2122250913.51,1916089589.41
88,20160517,3095.3085,3095.5229,3086.0249,3105.2013,3073.459,65278125.0,75389385458.0,-9.2836,-0.2999,2118467488.82,1912679942.96
89,20160518,3086.0249,3071.5292,3068.0358,3072.6122,3039.4618,82715369.0,88458847114.8,-17.9891,-0.5829,2104981188.18,1901282133.55
90,20160519,3068.0358,3060.3426,3062.5002,3086.977,3058.145,60444166.0,68679060392.1,-5.5356,-0.1804,2100871053.19,1897288381.09
91,20160520,3062.5002,3047.7778,3078.2183,3078.5316,3041.5169,56080842.0,65124251092.1,15.7181,0.5132,2111118600.27,1906683128.53
92,20160523,3078.2183,3078.515,3087.2225,3098.4782,3076.5039,59697216.0,70337514483.5,9.0042,0.2925,2121698744.04,1916694632.1
93,20160524,3087.2225,3083.2441,3063.5556,3083.2571,3052.5905,58734385.0,61106015446.4,-23.6669,-0.7666,2108360402.09,1905368517.87
94,20160525,3063.5556,3079.7486,3059.2259,3089.1022,3054.8697,56652803.0,63316562529.5,-4.3297,-0.1413,2104452269.93,1904333513.68
95,20160526,3059.2259,3056.6004,3064.2111,3072.524,3027.444,60392981.0,65985183918.9,4.9852,0.163,2108675545.24,1908241634.39
96,20160527,3064.2111,3059.732,3062.4993,3073.7562,3052.1793,60468750.0,59371777079.4,-1.7118,-0.0559,2107266536.98,1907210151.9
97,20160530,3062.4993,3056.3138,3066.7095,3075.2613,3037.6647,63098579.0,63496565009.0,4.2102,0.1375,2107442349.86,1907694054.95
98,20160531,3066.7095,3068.5964,3169.5598,3170.926,3068.5964,138863111.0,1.51398175957e+11,102.8503,3.3538,2173813921.77,1966417891.79
99,20160601,3169.5598,3172.9619,3160.547,3181.7926,3159.8175,113148482.0,1.31700821152e+11,-9.0128,-0.2844,2168328893.29,1960652428.82
100,20160602,3160.547,3158.0259,3167.0997,3168.824,3151.0654,86003427.0,97093625344.9,6.5527,0.2073,2172260180.75,1964112313.45
101,20160603,3167.0997,3172.946,3189.3255,3201.7492,3162.088,101491783.0,1.36332027087e+11,22.2258,0.7018,2188050105.69,1977013495.85
102,20160606,3189.3255,3192.7793,3178.7883,3197.2204,3168.554,76693751.0,1.01176231366e+11,-10.5372,-0.3304,2182300761.91,1970883559.58
103,20160607,3178.7883,3182.4374,3177.0536,3186.6167,3168.1792,68928314.0,88711618425.4,-1.7347,-0.0546,2181520771.46,1970604837.03
104,20160608,3177.0536,3171.8134,3163.9864,3174.9719,3148.3517,76291775.0,97682790861.1,-13.0672,-0.4113,2173840495.79,1964308698.36
105,20160613,3163.9864,3134.0453,3066.3413,3145.6057,3065.7674,92975947.0,1.14091320004e+11,-97.6451,-3.0861,2138111320.77,1904682032.44
106,20160614,3066.3413,3058.4433,3075.9834,3078.7494,3055.6553,66279457.0,78622305349.5,9.6421,0.3144,2144376047.39,1910456130.14
107,20160615,3075.9834,3043.9577,3116.3682,3128.6733,3042.2328,87393257.0,1.06170177872e+11,40.3848,1.3129,2168481733.44,1931063386.31
108,20160616,3116.3682,3104.3619,3094.6748,3112.4755,3089.4777,82974703.0,93496238870.5,-21.6934,-0.6961,2153036286.32,1917881968.76
109,20160617,3094.6748,3096.0901,3110.3572,3131.0485,3096.0901,85402985.0,97953389320.0,15.6824,0.5068,2162802875.07,1926157805.25
110,20160620,3110.3572,3114.9064,3112.6744,3118.7254,3089.7127,63587141.0,74647802461.7,2.3172,0.0745,2164860338.25,1928011238.39
111,20160621,3112.6744,3124.8984,3106.3175,3155.4927,3097.9402,87965345.0,1.07233643632e+11,-6.3569,-0.2042,2160413000.02,1925014675.64
112,20160622,3106.3175,3100.4496,3133.9611,3134.0608,3096.9919,66487113.0,81348715847.6,27.6436,0.8899,2179351470.94,1940822421.67
113,20160623,3133.9611,3129.7207,3117.3168,3129.7207,3102.4811,67751738.0,81732552158.8,-16.6443,-0.5311,2170246105.59,1932721251.17
114,20160624,3117.3168,3110.6465,3077.1554,3130.5391,3033.9651,104792208.0,1.18967441702e+11,-40.1614,-1.2883,2141163104.49,1906899846.9
115,20160627,3077.1554,3065.128,3120.5443,3120.6405,3064.9664,83267259.0,1.0406608379e+11,43.3889,1.41,2167739987.48,1935205572.36
116,20160628,3120.5443,3107.3979,3136.4013,3139.4301,3099.7012,92024637.0,1.17197791504e+11,15.857,0.5081,2178750683.76,1943345446.07
117,20160629,3136.4013,3142.4842,3151.3898,3158.0762,3139.1325,103723668.0,1.17958861189e+11,14.9885,0.4779,2189786720.07,1953478516.47
118,20160630,3151.3898,3152.8331,3153.921,3163.7205,3148.1987,79692617.0,1.00627912925e+11,2.5312,0.0803,2192384553.39,1959796254.82
119,20160701,3153.921,3156.932,3154.2003,3170.2583,3148.2948,71746283.0,91215027688.3,0.2793,0.0089,2193595689.62,1963225617.97
120,20160704,3154.2003,3136.3852,3204.6962,3210.6016,3134.0233,133310529.0,1.49894780037e+11,50.4959,1.6009,2231282142.1,1996337593.24
121,20160705,3204.6962,3199.1572,3207.3827,3216.7029,3197.9956,130226895.0,1.43899100428e+11,2.6865,0.0838,2236878541.15,2001296694.35
122,20160706,3207.3827,3197.6249,3216.8035,3217.5158,3183.4511,124897458.0,1.47232471496e+11,9.4208,0.2937,2242856854.24,2006532104.26
123,20160707,3216.8035,3206.5507,3209.9542,3220.5404,3190.1235,118595202.0,1.40488833675e+11,-6.8493,-0.2129,2237996469.3,2001948166.83
124,20160708,3209.9542,3199.7542,3192.2804,3204.9283,3183.9594,89734855.0,1.11063465417e+11,-17.6738,-0.5506,2217319829.37,1982101090.92
125,20160711,3192.2804,3199.0383,3203.3298,3235.9623,3197.6255,138529511.0,1.55288151673e+11,11.0494,0.3461,2224778408.91,1989023942.58
126,20160712,3203.3298,3201.9062,3273.1823,3273.4738,3200.3034,172534217.0,1.90853738897e+11,69.8525,2.1806,2272596098.58,2030687094.59
127,20160713,3273.1823,3274.0202,3282.8681,3300.9912,3271.7752,175196090.0,1.96592300322e+11,9.6858,0.2959,2280739015.47,2037596441.05
128,20160714,3282.8681,3277.4816,3276.7637,3281.9503,3259.0653,107525798.0,1.28090420917e+11,-6.1044,-0.1859,2273596521.94,2032009388.82
129,20160715,3276.7637,3278.8357,3276.2775,3285.026,3265.2906,102665026.0,1.25179812929e+11,-0.4862,-0.0148,2275176851.12,2034007439.13
130,20160718,3276.2775,3269.7077,3262.0222,3281.6375,3251.7659,110312518.0,1.29785706199e+11,-14.2553,-0.4351,2266735482.0,2028389562.85
131,20160719,3262.0222,3260.4349,3248.2341,3264.7303,3226.1987,88886861.0,1.07108911172e+11,-13.7881,-0.4227,2256341895.4,2018279101.14
132,20160720,3248.2341,3246.8626,3237.6051,3254.5076,3232.2568,72701255.0,91367448993.8,-10.629,-0.3272,2248779569.98,2011280801.66
133,20160721,3237.6051,3238.3367,3252.5227,3271.3739,3238.3034,86004825.0,1.07464072513e+11,14.9176,0.4608,2258877880.54,2019197335.51
134,20160722,3252.5227,3251.242,3225.1621,3253.7694,3220.8937,86029128.0,1.0741688732e+11,-27.3606,-0.8412,2241309841.68,2003915668.6
135,20160725,3225.1621,3220.1658,3230.885,3243.7902,3218.1419,70203185.0,92015844035.3,5.7229,0.1774,2242641008.89,2005482522.13
136,20160726,3230.885,3228.234,3269.5882,3269.7457,3228.0075,81051089.0,1.03745762758e+11,38.7032,1.1979,2268382816.04,2028327382.19
137,20160727,3269.5882,3270.0837,3218.243,3276.5112,3157.4093,160188665.0,1.86928366498e+11,-51.3452,-1.5704,2235696932.31,2002931569.11
138,20160728,3218.243,3204.4645,3221.1365,3235.7816,3195.2696,112779964.0,1.37295892753e+11,2.8935,0.0899,2237619197.36,2003493708.26
139,20160729,3221.1365,3217.1923,3203.9304,3225.4184,3198.6839,88044837.0,1.03787029748e+11,-17.2061,-0.5342,2228814613.97,1995369650.88
140,20160801,3203.9304,3196.425,3176.8091,3199.9751,3156.7488,87003497.0,98818634360.9,-27.1213,-0.8465,2214358783.32,1983509694.74
141,20160802,3176.8091,3173.7576,3189.0529,3189.0529,3165.5422,62167639.0,70640763841.9,12.2438,0.3854,2222721155.46,1990771903.62
142,20160803,3189.0529,3179.6842,3193.5073,3197.1573,3173.5356,72864102.0,79754323301.3,4.4544,0.1397,2223796188.35,1991686610.15
143,20160804,3193.5073,3190.546,3201.2888,3201.5539,3170.4189,73504373.0,86919591121.0,7.7815,0.2437,2226790973.63,1994333714.92
144,20160805,3201.2888,3201.3543,3205.1101,3224.873,3192.8614,77196366.0,94429542390.6,3.8213,0.1194,2227333567.59,1994965553.47
145,20160808,3205.1101,3199.5723,3234.1833,3234.4795,3187.2521,86676051.0,1.02638114597e+11,29.0732,0.9071,2246795344.91,2011490779.32
146,20160809,3234.1833,3232.603,3256.9813,3257.3336,3229.1741,91065259.0,1.05924052436e+11,22.798,0.7049,2261242608.01,2024656602.61
147,20160810,3256.9813,3255.1822,3243.3409,3261.8609,3242.7509,90430372.0,1.06157448028e+11,-13.6404,-0.4188,2253139984.2,2018248648.09
148,20160811,3243.3409,3239.5583,3233.3604,3274.0261,3232.6127,101041213.0,1.16996159046e+11,-9.9805,-0.3077,2249986266.83,2015709358.92
149,20160812,3233.3604,3231.8065,3294.2337,3294.2337,3231.1366,116254044.0,1.29354686387e+11,60.8733,1.8827,2290933563.89,2052268177.92
150,20160815,3294.2337,3303.4688,3393.4239,3417.9147,3302.3776,220543421.0,2.5889746391e+11,99.1902,3.011,2353773930.95,2108113648.48
151,20160816,3393.4239,3403.3839,3378.2451,3418.6884,3372.0206,196389740.0,2.26785231085e+11,-15.1788,-0.4473,2338131114.4,2093015930.1
152,20160817,3378.2451,3377.7713,3373.0476,3394.3887,3356.9244,138847688.0,1.67917530856e+11,-5.1975,-0.1539,2334969107.28,2090095920.33
153,20160818,3373.0476,3369.9472,3364.4851,3394.7912,3349.6879,142380169.0,1.72256533e+11,-8.5625,-0.2539,2330358746.12,2086043878.07
154,20160819,3364.4851,3358.555,3365.0197,3374.045,3341.1922,119961508.0,1.35382706293e+11,0.5346,0.0159,2332040355.02,2087217840.25
155,20160822,3365.0197,3364.681,3336.7949,3372.8331,3335.4695,107951008.0,1.28201783812e+11,-28.2248,-0.8388,2315739124.65,2077327904.16
156,20160823,3336.7949,3332.621,3341.8298,3359.6477,3324.9603,92924516.0,1.08503692377e+11,5.0349,0.1509,2318922120.43,2080657771.78
157,20160824,3341.8298,3341.9304,3329.8631,3348.1291,3323.7251,81191429.0,94012832199.8,-11.9667,-0.3581,2312898450.25,2075218636.82
158,20160825,3329.8631,3314.0846,3308.9721,3315.0812,3279.8064,100589153.0,1.1257814001e+11,-20.891,-0.6274,2301183827.82,2064231636.5
159,20160826,3308.9721,3312.4991,3307.0902,3328.9453,3301.7359,81530691.0,93213205559.6,-1.8819,-0.0569,2299121043.23,2062314375.77
160,20160829,3307.0902,3306.5749,3307.7812,3315.0789,3297.0697,77036333.0,88011642022.0,0.691,0.0209,2299045768.86,2062214493.55
161,20160830,3307.7812,3310.3188,3311.9872,3325.1218,3304.5966,75725987.0,89513016667.4,4.206,0.1272,2305948593.61,2067925551.81
162,20160831,3311.9872,3310.5654,3327.7938,3333.9729,3304.6552,79570805.0,99215044445.2,15.8066,0.4773,2315560320.09,2074819342.21
163,20160901,3327.7938,3326.7389,3301.5767,3329.3455,3301.2129,84947219.0,1.00911462823e+11,-26.2171,-0.7878,2299175522.6,2061399193.01
164,20160902,3301.5767,3298.7217,3314.1142,3320.4252,3295.7554,82791803.0,99396378583.5,12.5375,0.3797,2304301279.2,2065997436.6
165,20160905,3314.1142,3321.0053,3319.6803,3338.4197,3314.6293,78292477.0,87531089645.2,5.5661,0.168,2306830511.5,2068390932.94
166,20160906,3319.6803,3322.018,3342.6259,3347.9511,3300.1257,98283998.0,1.18366533426e+11,22.9456,0.6912,2317678134.44,2077843064.24
167,20160907,3342.6259,3344.0657,3340.8172,3357.3567,3337.7508,102940106.0,1.15119908617e+11,-1.8087,-0.0541,2317960137.19,2077557521.28
168,20160908,3340.8172,3338.0082,3339.564,3343.395,3328.2264,71916158.0,83742346849.7,-1.2532,-0.0375,2317136387.82,2077426770.08
169,20160909,3339.564,3339.3733,3318.044,3344.951,3318.044,82657036.0,95471188732.0,-21.52,-0.6444,2304014694.84,2065707880.67
170,20160912,3318.044,3271.8702,3262.6043,3276.7163,3234.573,122917682.0,1.34456630927e+11,-55.4397,-1.6709,2266906449.7,2033273521.72
171,20160913,3262.6043,3265.3373,3260.333,3269.2224,3246.3857,67180288.0,76862644231.2,-2.2713,-0.0696,2263896948.61,2030233854.5
172,20160914,3260.333,3245.7371,3238.7299,3254.995,3231.3355,70432697.0,79780746436.2,-21.6031,-0.6626,2247829540.31,2015504340.99
173,20160919,3238.7299,3242.7429,3263.1242,3264.8995,3242.7429,58831082.0,67678031641.8,24.3943,0.7532,2262464733.98,2036299214.74
174,20160920,3263.1242,3264.6649,3257.4034,3265.0353,3252.3885,52784206.0,61626150817.6,-5.7208,-0.1753,2258554861.11,2032911138.3
175,20160921,3257.4034,3257.7097,3266.6363,3270.9022,3254.3214,59142979.0,68957744043.6,9.2329,0.2834,2263363418.97,2037254578.04
176,20160922,3266.6363,3281.4718,3291.1211,3303.1993,3277.9791,75753542.0,89991761654.8,24.4848,0.7495,2278288506.99,2051076671.88
177,20160923,3291.1211,3292.2788,3275.6665,3293.9162,3275.025,57993986.0,68046257250.0,-15.4546,-0.4696,2270703565.47,2044841308.64
178,20160926,3275.6665,3267.6905,3220.2838,3267.6905,3220.2838,70452186.0,78700835131.9,-55.3827,-1.6907,2234785539.76,2012607508.93
179,20160927,3220.2838,3214.8704,3240.7546,3240.7756,3214.4414,58460550.0,66651130361.3,20.4708,0.6357,2248602890.9,2024664128.05
180,20160928,3240.7546,3243.647,3230.8904,3243.647,3227.996,44727498.0,51996404752.1,-9.8642,-0.3044,2240906329.67,2017968609.14
181,20160929,3230.8904,3234.857,3244.3874,3257.7668,3234.8032,55452556.0,62220302312.2,13.497,0.4177,2250663501.33,2026770603.94
182,20160930,3244.3874,3240.1775,3253.2848,3260.9405,3239.0364,44978022.0,52655734552.9,8.8974,0.2742,2255380476.46,2030812211.36
183,20161010,3253.2848,3265.3644,3293.8689,3294.6409,3258.9584,80519260.0,89607989896.2,40.5841,1.2475,2282239424.85,2055839915.86
184,20161011,3293.8689,3296.8672,3306.5573,3308.0042,3292.8775,87713163.0,88213421182.9,12.6884,0.3852,2290862936.88,2063388008.84
185,20161012,3306.5573,3299.1388,3300.0099,3302.561,3289.7532,68669781.0,72386912615.9,-6.5474,-0.198,2286659475.1,2058531407.0
186,20161013,3300.0099,3299.1557,3302.6455,3307.4091,3292.3974,81224198.0,79923748596.2,2.6356,0.0799,2288457212.76,2059350412.15
187,20161014,3302.6455,3298.734,3305.8481,3306.6859,3285.729,82316271.0,81485597806.3,3.2026,0.097,2291808426.42,2062751388.33
188,20161017,3305.8481,3305.9635,3277.8787,3309.0097,3271.5413,86113509.0,88199418936.3,-27.9694,-0.8461,2273886772.29,2047056042.86
189,20161018,3277.8787,3272.6815,3321.3324,3321.3324,3272.6815,102860714.0,1.04625044142e+11,43.4537,1.3257,2304603397.51,2073814960.66
190,20161019,3321.3324,3323.3038,3316.2407,3332.5201,3309.8313,101167725.0,96354442198.5,-5.0917,-0.1533,2302486391.85,2072224751.72
191,20161020,3316.2407,3317.1792,3318.6044,3324.9031,3312.1741,79238871.0,82481095276.7,2.3637,0.0713,2305245710.62,2073204308.18
192,20161021,3318.6044,3315.7156,3327.74,3341.5603,3309.1787,109785176.0,1.07114926126e+11,9.1356,0.2753,2313912978.54,2085008695.26
193,20161024,3327.74,3332.5125,3367.5778,3382.8259,3330.9674,153014345.0,1.50063007899e+11,39.8378,1.1971,2342124089.63,2110157314.39
194,20161025,3367.5778,3367.4753,3367.4547,3373.9139,3356.5853,111191693.0,1.10576512916e+11,-0.1231,-0.0037,2341210542.96,2109115354.89
195,20161026,3367.4547,3365.1975,3354.8003,3367.831,3349.5744,98024786.0,1.0471931822e+11,-12.6544,-0.3758,2330441410.85,2099219649.23
196,20161027,3354.8003,3351.4603,3345.695,3352.3545,3335.1332,77629851.0,85241012413.9,-9.1053,-0.2714,2324145291.51,2093211487.59
197,20161028,3345.695,3347.1438,3340.1262,3370.7485,3337.2888,93133309.0,1.04797971448e+11,-5.5688,-0.1664,2321384990.29,2091330544.42
198,20161031,3340.1262,3332.406,3336.2778,3340.4695,3317.3279,71352863.0,80701820968.2,-3.8484,-0.1152,2317793705.93,2088311334.73
199,20161101,3336.2778,3338.7099,3359.0515,3359.3941,3334.4568,74938199.0,84717683749.8,22.7737,0.6826,2330560287.04,2099099269.09
200,20161102,3359.0515,3350.71,3333.3524,3356.3974,3331.3841,91197104.0,1.00348995733e+11,-25.6991,-0.7651,,
201,20161103,3333.3524,3326.9045,3365.085,3379.9889,3324.8378,126223504.0,1.37386468361e+11,31.7326,0.952,2332467382.92,2100506156.08
202,20161104,3365.085,3362.2055,3354.1749,3377.6394,3348.4263,104069655.0,1.10813764577e+11,-10.9101,-0.3242,2325491612.02,2095011909.99
203,20161107,3354.1749,3353.4441,3356.5916,3362.7416,3342.3122,99877988.0,94370876771.0,2.4167,0.0721,2328658428.75,2098314381.48
204,20161108,3356.5916,3367.6974,3371.1177,3383.9174,3361.1292,103148282.0,1.0513825606e+11,14.5261,0.4328,2338697299.31,2107646717.21
205,20161109,3371.1177,3370.5999,3353.0547,3373.096,3322.0798,139110059.0,1.4518692169e+11,-18.063,-0.5358,2324840069.42,2094836108.62
206,20161110,3353.0547,3374.906,3390.6119,3403.0158,3374.906,134705535.0,1.33277399553e+11,37.5572,1.1201,2351303848.13,2118303430.74
207,20161111,3390.6119,3387.9481,3417.2211,3422.6715,3382.8925,198781496.0,1.9064727004e+11,26.6092,0.7848,2369669419.22,2134353060.99
208,20161114,3417.2211,3409.2241,3430.2482,3452.6159,3408.1392,213247105.0,2.08353308629e+11,13.0271,0.3812,2380835384.12,2144315476.34
209,20161115,3430.2482,3428.8663,3429.8697,3434.9216,3415.9948,134566320.0,1.35206770523e+11,-0.3785,-0.011,2377352103.83,2141337678.99
210,20161116,3429.8697,3432.4336,3429.5921,3435.6366,3419.2435,129808511.0,1.28944599173e+11,-0.2776,-0.0081,2377300302.02,2141181334.98
211,20161117,3429.5921,3423.4654,3436.535,3437.669,3412.8771,121561731.0,1.21576882948e+11,6.9429,0.2024,2381026253.31,2145289295.24
212,20161118,3436.535,3437.4898,3417.4554,3443.1185,3413.2698,115951205.0,1.17345607612e+11,-19.0796,-0.5552,2367379743.55,2134237168.54
213,20161121,3417.4554,3412.6523,3441.1106,3463.1423,3412.0801,146434529.0,1.47542589349e+11,23.6552,0.6922,2387232973.85,2152958278.67
214,20161122,3441.1106,3443.2201,3468.3637,3469.2189,3443.2201,168523446.0,1.67250665827e+11,27.2531,0.792,2409609330.27,2173587326.81
215,20161123,3468.3637,3473.8949,3474.7289,3492.9564,3465.7639,162388504.0,1.71247116196e+11,6.3652,0.1835,2411542837.77,2175863774.32
216,20161124,3474.7289,3468.8071,3488.7402,3508.1648,3467.0108,145746301.0,1.65071453531e+11,14.0113,0.4032,2417065577.55,2180832039.32
217,20161125,3488.7402,3490.0399,3521.2984,3521.3029,3463.9477,153621506.0,1.66832181108e+11,32.5582,0.9332,2438296752.51,2201234688.02
218,20161128,3521.2984,3538.6754,3535.0807,3553.3603,3528.3196,207375483.0,2.19859766828e+11,13.7823,0.3914,2452595092.26,2215156588.11
219,20161129,3535.0807,3525.9011,3564.0404,3583.7185,3521.3787,236918356.0,2.48322816339e+11,28.9597,0.8192,2472452931.4,2234897912.64
220,20161130,3564.0404,3557.6357,3538.001,3567.0689,3527.0231,178560178.0,1.90681227631e+11,-26.0394,-0.7306,2447736199.88,2211534499.12
221,20161201,3538.001,3543.9555,3565.036,3575.97,3543.245,180170761.0,1.99637742998e+11,27.035,0.7641,2467080835.09,2228096714.81
222,20161202,3565.036,3559.7711,3528.9547,3562.5497,3516.7881,196355480.0,2.03742147476e+11,-36.0813,-1.0121,2449849053.43,2213958732.17
223,20161205,3528.9547,3473.6876,3469.4073,3496.8838,3457.3433,180852355.0,1.90175061733e+11,-59.5474,-1.6874,2411522018.2,2180778512.46
224,20161206,3469.4073,3466.2417,3459.1533,3477.5901,3456.8067,115529090.0,1.25727753193e+11,-10.254,-0.2956,2402899222.79,2173329248.34
225,20161207,3459.1533,3458.3687,3475.7473,3475.7473,3445.7561,114345103.0,1.15282194223e+11,16.594,0.4797,2413755882.05,2182617964.9
226,20161208,3475.7473,3481.8067,3470.1426,3484.3402,3466.512,117383922.0,1.19188508676e+11,-5.6047,-0.1613,2408564586.27,2179422927.04
227,20161209,3470.1426,3464.8733,3493.7004,3507.9276,3461.7612,150303308.0,1.52674867707e+11,23.5578,0.6789,2429129887.23,2199502065.43
228,20161212,3493.7004,3489.2683,3409.1794,3495.8022,3400.793,187467751.0,1.99163540831e+11,-84.521,-2.4192,2386118334.06,2130013589.22
229,20161213,3409.1794,3394.2072,3405.0355,3416.2147,3370.5956,121105097.0,1.24454188749e+11,-4.1439,-0.1216,2383421689.45,2126917450.74
230,20161214,3405.0355,3399.4113,3378.9453,3412.2795,3378.2656,124007744.0,1.26182669414e+11,-26.0902,-0.7662,2368210648.04,2114245058.6
231,20161215,3378.9453,3363.8597,3340.4338,3378.0367,3327.1429,114960660.0,1.2150781154e+11,-38.5115,-1.1397,2338074923.41,2084123264.14
232,20161216,3340.4338,3335.3625,3346.0305,3356.2916,3330.4928,90775422.0,98112206845.4,5.5967,0.1675,2340258556.94,2084938390.6
233,20161219,3346.0305,3342.3449,3328.9827,3344.8584,3324.9986,81640678.0,86095693838.3,-17.0478,-0.5095,2331993869.7,2084642620.05
234,20161220,3328.9827,3328.2985,3309.0641,3329.1022,3289.2682,87569592.0,88527345888.8,-19.9186,-0.5983,2318577061.78,2072081065.3
235,20161221,3309.0641,3313.7451,3338.536,3342.4761,3313.7451,108254995.0,1.06205485213e+11,29.4719,0.8906,2344506331.39,2095557461.6
236,20161222,3338.536,3335.1218,3335.672,3340.3628,3322.7196,92277249.0,92564877569.6,-2.864,-0.0858,2346773912.69,2097925275.0
237,20161223,3335.672,3333.4009,3307.5991,3334.8937,3300.8843,97444713.0,99575473231.3,-28.0729,-0.8416,2329980547.26,2083302078.97
238,20161226,3307.5991,3293.2236,3322.4006,3322.4212,3267.0481,89793982.0,95493219935.5,14.8015,0.4475,2339127996.7,2092833357.03
239,20161227,3322.4006,3319.2061,3316.3852,3330.2324,3315.8318,75486359.0,79617133030.4,-6.0154,-0.1811,2330644017.27,2085151904.12
240,20161228,3316.3852,3315.7526,3301.8887,3320.5467,3293.1737,69000437.0,71759839565.5,-14.4965,-0.4371,2322198135.66,2077123773.84
241,20161229,3301.8887,3297.036,3297.7648,3312.113,3288.0959,70087923.0,75972960430.7,-4.1239,-0.1249,2318253282.15,2078126845.88
242,20161230,3297.7648,3302.5993,3310.0808,3313.5497,3295.7513,71744116.0,76921368837.7,12.316,0.3735,2327384140.87,2085894186.42
243,20170103,3310.0808,3313.9534,3342.2272,3345.2629,3313.9534,86567896.0,87612765767.5,32.1464,0.9712,2350174633.18,2107371712.82
244,20170104,3342.2272,3340.5576,3368.3117,3369.5658,3338.1527,90050827.0,98014355468.3,26.0845,0.7805,2367236542.05,2122738316.75
245,20170105,3368.3117,3368.3402,3367.7892,3373.4119,3361.462,88336357.0,91189339581.7,-0.5225,-0.0155,2371570891.59,2127590744.1
246,20170106,3367.7892,3366.8522,3347.6665,3368.8705,3346.8914,87459114.0,91072256748.2,-20.1227,-0.5975,2365180902.39,2123129027.23
247,20170109,3347.6665,3345.7483,3363.9014,3366.2219,3344.3472,83707942.0,87916115242.6,16.2349,0.485,2376177035.94,2137345413.49
248,20170110,3363.9014,3361.6394,3358.2716,3370.5051,3354.0878,83819160.0,82533965080.2,-5.6298,-0.1674,2371854455.66,2133117898.86
249,20170111,3358.2716,3355.8008,3334.4954,3366.6315,3334.2978,91071438.0,86750457122.1,-23.7762,-0.708,2357013298.72,2119526961.71
250,20170112,3334.4954,3332.6857,3317.6241,3343.1279,3315.9629,81239135.0,75031886874.2,-16.8713,-0.506,2347241651.22,2111123457.49
251,20170113,3317.6241,3317.9625,3319.9122,3338.174,3309.3741,84180589.0,84556101402.8,2.2881,0.069,2350345917.58,2115684766.82
252,20170116,3319.9122,3314.1507,3319.4455,3322.7819,3264.2071,157779135.0,1.53262520121e+11,-0.4667,-0.0141,2356105124.35,2123958566.39
253,20170117,3319.4455,3305.6001,3326.3563,3327.3767,3292.2044,69453328.0,74754505695.7,6.9108,0.2082,2359830332.36,2126730422.36
254,20170118,3326.3563,3323.3389,3339.3653,3350.9619,3320.4062,70623227.0,75680677263.9,13.009,0.3911,2367984733.79,2135179347.99
255,20170119,3339.3653,3330.9522,3329.2891,3346.4959,3324.6835,66159808.0,63869709162.9,-10.0762,-0.3017,2361134297.4,2127379297.72
256,20170120,3329.2891,3326.9773,3354.8891,3358.4121,3326.374,65300462.0,70831324310.2,25.6,0.7689,2376075229.28,2139000602.15
257,20170123,3354.8891,3359.0543,3364.0808,3378.7388,3355.8475,75557498.0,76492660153.9,9.1917,0.274,2383022699.51,2145990329.67
258,20170124,3364.0808,3363.1374,3364.4509,3371.32,3355.899,66194226.0,66049651288.6,0.3701,0.011,2390562256.51,2155419107.38
259,20170125,3364.4509,3361.6561,3375.9042,3376.4415,3357.2183,58376931.0,62483395801.9,11.4533,0.3404,2396377799.17,2160539641.32
260,20170126,3375.9042,3378.2609,3387.9606,3395.8848,3378.2609,65316647.0,66488818305.4,12.0564,0.3571,2403192326.98,2166383537.99
261,20170203,3387.9606,3390.9315,3364.4923,3392.4773,3362.5653,55188861.0,57113853254.9,-23.4683,-0.6927,2386143698.74,2154635760.0
262,20170206,3364.4923,3368.1081,3373.2051,3381.3348,3358.7516,68521360.0,73408134767.9,8.7128,0.259,2392427297.69,2162309050.85
263,20170207,3373.2051,3371.7695,3365.6849,3376.7099,3354.6251,63754462.0,69758178999.1,-7.5202,-0.2229,2386756197.56,2157497271.9
264,20170208,3365.6849,3361.7811,3383.2878,3383.6859,3347.4302,75402879.0,82869735773.3,17.6029,0.523,2396872692.21,2165711362.85
265,20170209,3383.2878,3381.8992,3396.2924,3406.5888,3379.7872,97558515.0,1.02134228699e+11,13.0046,0.3844,2406253830.47,2173722001.21
266,20170210,3396.2924,3398.3173,3413.4868,3422.3256,3398.0295,123768720.0,1.21908580284e+11,17.1944,0.5063,2418891347.01,2185483731.42
267,20170213,3413.4868,3416.9168,3436.275,3439.5432,3416.8746,120144538.0,1.25332998844e+11,22.7882,0.6676,2433998378.94,2199381338.85
268,20170214,3436.275,3438.511,3435.8042,3440.6748,3424.4028,94809465.0,98537165438.0,-0.4708,-0.0137,4876374442.82,4405300001.1
269,20170215,3435.8042,3435.3882,3421.7131,3448.0322,3417.0811,127643338.0,1.24653179488e+11,-14.0911,-0.4101,2427777532.57,2195103200.81
270,20170216,3421.7131,3421.8299,3440.9331,3440.9331,3418.3514,108276962.0,1.01809767504e+11,19.22,0.5617,2437444901.19,2202960639.63
271,20170217,3440.9331,3443.6166,3421.4419,3457.5562,3419.6143,114600036.0,1.1803312967e+11,-19.4912,-0.5665,2421684709.32,2188425594.64
272,20170220,3421.4419,3421.6434,3471.3926,3472.6035,3421.6434,132628862.0,1.34681505159e+11,49.9507,1.4599,2453534701.64,2218626464.37
273,20170221,3471.3926,3475.0584,3482.823,3490.0855,3472.017,114842009.0,1.20675429543e+11,11.4304,0.3293,2461237518.15,2225287330.13
274,20170222,3482.823,3483.2008,3489.7567,3489.946,3473.524,102815994.0,1.09232425841e+11,6.9337,0.1991,2470900744.21,2234613541.71
275,20170223,3489.7567,3487.5745,3473.3236,3492.9616,3460.118,99536330.0,1.06555922466e+11,-16.4331,-0.4709,2457531381.57,2222709662.92
276,20170224,3473.3236,3468.9588,3473.8517,3473.8517,3455.2514,95535133.0,99875164758.6,0.5281,0.0152,2456956812.79,2221604826.33
277,20170227,3473.8517,3471.1319,3446.2228,3472.8356,3441.3938,98672160.0,1.06830874529e+11,-27.6289,-0.7953,2437314993.59,2203980733.35
278,20170228,3446.2228,3445.0274,3452.8103,3460.9089,3441.3589,75215260.0,81979307360.8,6.5875,0.1912,2442845256.0,2208547147.68
279,20170301,3452.8103,3452.2058,3458.4376,3472.6962,3449.109,103260354.0,1.09317781348e+11,5.6273,0.163,2447194161.84,2212003720.48
280,20170302,3458.4376,3463.4829,3435.0963,3468.471,3434.001,89898077.0,97876187925.2,-23.3413,-0.6749,2431477255.62,2197780294.97
281,20170303,3435.0963,3424.6627,3427.8628,3428.8824,3412.8312,80994652.0,90009618835.2,-7.2335,-0.2106,2422832619.97,2189418859.91
282,20170306,3427.8628,3427.2533,3446.484,3449.0342,3425.9041,83070882.0,95178548495.5,18.6212,0.5432,2432474493.43,2197595415.31
283,20170307,3446.484,3446.1628,3453.9565,3454.0386,3440.0574,80334720.0,94483824245.1,7.4725,0.2168,2437903541.34,2203066797.6
284,20170308,3453.9565,3452.2006,3448.7313,3457.0351,3441.2575,79587690.0,89124904682.2,-5.2252,-0.1513,2435864979.5,2201784494.72
285,20170309,3448.7313,3442.8953,3426.9438,3443.0455,3414.6782,84570381.0,90090049489.8,-21.7875,-0.6318,2419409465.02,2186890890.85
286,20170310,3426.9438,3423.9776,3427.8916,3436.2388,3423.9369,70016199.0,82161714922.6,0.9478,0.0277,2417693372.05,2185191765.31
287,20170313,3427.8916,3425.6723,3458.098,3458.098,3412.6879,91684124.0,1.08489140923e+11,30.2064,0.8812,2438399436.11,2202682169.68
288,20170314,3458.098,3456.6584,3456.6934,3465.3915,3448.9034,77077963.0,95317564129.4,-1.4046,-0.0406,2438988055.0,2203355904.62
289,20170315,3456.6934,3452.2139,3463.6436,3463.9191,3445.2676,79104954.0,94056256666.8,6.9502,0.2011,2442743575.42,2206845973.97
290,20170316,3463.6436,3472.2694,3481.5066,3492.1267,3472.2694,106333913.0,1.24695573677e+11,17.863,0.5157,2455009545.11,2217251519.67
291,20170317,3481.5066,3485.3114,3445.8051,3488.4969,3441.4685,103755560.0,1.2236891855e+11,-35.7015,-1.0255,2431073434.2,2196283047.5
292,20170320,3445.8051,3449.0515,3449.6126,3454.063,3429.8254,88734322.0,1.03769403896e+11,3.8075,0.1105,2438258347.21,2205916608.39
293,20170321,3449.6126,3449.7696,3466.3468,3466.7026,3445.6416,87707855.0,1.1352820139e+11,16.7342,0.4851,2448506856.73,2215643835.93
294,20170322,3466.3468,3450.7544,3450.0502,3464.3328,3433.4994,104935894.0,1.23865640376e+11,-16.2966,-0.4701,2435444078.42,2203983580.48
295,20170323,3450.0502,3452.4056,3461.9782,3470.8164,3435.6912,94318062.0,1.15813813702e+11,11.928,0.3457,2440428268.61,2208303088.1
296,20170324,3461.9782,3464.1966,3489.5997,3499.3179,3461.1108,125645833.0,1.41752526681e+11,27.6215,0.7979,2460425495.94,2225973826.16
297,20170327,3489.5997,3488.7647,3478.0385,3505.9789,3474.5206,107015377.0,1.24388012134e+11,-11.5612,-0.3313,2455183756.39,2221815431.95
298,20170328,3478.0385,3480.249,3469.8093,3482.2923,3461.4678,84194820.0,97495938764.9,-8.2292,-0.2366,2448440988.52,2215819839.76
299,20170329,3469.8093,3472.9665,3465.1933,3483.0571,3455.5529,104851706.0,1.14663468279e+11,-4.616,-0.133,2447498918.75,2215841013.66
300,20170330,3465.1933,3461.6159,3436.758,3467.3049,3422.366,116376922.0,1.2208802163e+11,-28.4353,-0.8206,2432320674.09,2203395894.21
301,20170331,3436.758,3434.8222,3456.0455,3456.3051,3430.8197,91577491.0,1.0098490483e+11,19.2875,0.5612,2446763480.05,2216995812.72
302,20170405,3456.0455,3476.4231,3503.8932,3504.5379,3475.1486,143399017.0,1.60742981172e+11,47.8477,1.3845,2479283938.62,2245402682.83
303,20170406,3503.8932,3507.9879,3514.0469,3517.7779,3495.7246,136767004.0,1.45221644165e+11,10.1537,0.2898,2485663495.27,2251683286.87
304,20170407,3514.0469,3514.4521,3517.4634,3526.815,3506.3885,140293204.0,1.44559675566e+11,3.4165,0.0972,2491318794.24,2256975436.23
305,20170410,3517.4634,3519.4597,3505.1392,3522.7955,3502.0826,141887380.0,1.55747834572e+11,-12.3242,-0.3504,2485117666.56,2254412515.19
306,20170411,3505.1392,3503.8294,3517.328,3520.1315,3466.139,165945832.0,1.89457268655e+11,12.1888,0.3477,2497587248.77,2262131849.33
307,20170412,3517.328,3514.5723,3509.4387,3523.0975,3497.9991,181824537.0,2.02154571423e+11,-7.8893,-0.2243,2494138735.28,2259262636.03
308,20170413,3509.4387,3500.2838,3514.5662,3518.4385,3496.5699,129981813.0,1.33345929014e+11,5.1275,0.1461,2495317528.7,2260400265.3
309,20170414,3514.5662,3516.8103,3486.5045,3517.4664,3476.9468,135474078.0,1.30425385379e+11,-28.0617,-0.7984,2476515525.3,2243789220.86
310,20170417,3486.5045,3475.7381,3479.9417,3480.5696,3453.6759,117164961.0,1.23884371227e+11,-6.5628,-0.1882,2470608738.74,2240019941.96
311,20170418,3479.9417,3474.8892,3462.7429,3489.0845,3462.6297,110927823.0,1.26790853425e+11,-17.1988,-0.4942,2456312314.95,2227086898.64
312,20170419,3462.7429,3452.9904,3445.8761,3459.3524,3418.514,121349264.0,1.27050362407e+11,-16.8668,-0.4871,2440056786.96,2212058207.82
313,20170420,3445.8761,3444.5225,3461.5481,3465.6088,3440.7151,114184208.0,1.33977258346e+11,15.672,0.4548,2449374445.25,2219290864.86
314,20170421,3461.5481,3461.389,3466.7865,3475.5622,3449.5421,104419110.0,1.15208831746e+11,5.2384,0.1513,2457172662.7,2226854872.67
315,20170424,3466.7865,3458.2279,3431.2587,3458.2279,3403.9792,114660791.0,1.22778154321e+11,-35.5278,-1.0248,2436595799.04,2209421176.17
316,20170425,3431.2587,3427.7322,3440.9743,3449.6716,3422.6521,94072148.0,1.07599357209e+11,9.7156,0.2831,2440875609.17,2214013055.16
317,20170426,3440.9743,3440.2526,3445.1832,3466.5651,3439.1505,111940029.0,1.31316579234e+11,4.2089,0.1223,2445008407.85,2217572150.68
318,20170427,3445.1832,3435.1017,3446.7202,3449.2723,3399.5392,123298425.0,1.34610947828e+11,1.537,0.0446,2448276594.73,2221338192.23
319,20170428,3446.7202,3439.5735,3439.753,3439.904,3417.2375,101632351.0,1.13761006698e+11,-6.9672,-0.2021,2445189275.18,2218055127.91
320,20170502,3439.753,3427.9169,3426.5766,3436.3064,3418.6652,92797462.0,1.01635858602e+11,-13.1764,-0.3831,2433248713.81,2206509279.71
321,20170503,3426.5766,3421.7586,3413.1282,3432.2248,3403.0782,91669624.0,97854119098.4,-13.4484,-0.3925,2422736895.01,2196933294.02
322,20170504,3413.1282,3404.9379,3404.3864,3421.3953,3391.277,103482075.0,1.06985952575e+11,-8.7418,-0.2561,2418985602.0,2193491198.88
323,20170505,3404.3864,3393.4831,3382.5502,3395.4532,3366.5568,109895333.0,1.17464939578e+11,-21.8362,-0.6414,2406752729.58,2183028219.63
324,20170508,3382.5502,3369.1084,3358.8125,3374.1571,3339.5743,123749287.0,1.26885426472e+11,-23.7377,-0.7018,2396008029.4,2173448302.71
325,20170509,3358.8125,3342.5981,3352.5324,3358.0463,3327.5901,76771668.0,85528831748.9,-6.2801,-0.187,2390284826.25,2168832549.39
326,20170510,3352.5324,3350.6502,3337.7007,3369.4345,3336.003,92082628.0,1.02194980791e+11,-14.8317,-0.4424,2380990280.75,2161440312.93
327,20170511,3337.7007,3322.9455,3356.6459,3359.6003,3312.8921,109252890.0,1.11576379054e+11,18.9452,0.5676,2396705592.83,2179029739.74
328,20170512,3356.6459,3350.9371,3385.3787,3387.2677,3349.1671,93386466.0,97522124594.3,28.7328,0.856,2417174587.82,2199154233.53
329,20170515,3385.3787,3391.5881,3399.1937,3406.581,3391.5881,82977611.0,92183332845.4,13.815,0.4081,2425558036.56,2206840694.59
330,20170516,3399.1937,3390.925,3428.6491,3428.8531,3373.552,105242416.0,1.12814103201e+11,29.4554,0.8665,2437567055.38,2217205861.92
331,20170517,3428.6491,3423.19,3409.9656,3433.9695,3408.1541,99736837.0,1.10553451835e+11,-18.6835,-0.5449,2423599834.42,2204885381.0
332,20170518,3409.9656,3387.6655,3398.1127,3409.9319,3383.935,85759589.0,88091166041.4,-11.8529,-0.3476,2417995252.02,2199512546.92
333,20170519,3398.1127,3395.2318,3403.8492,3405.9448,3392.3776,71473525.0,78397081602.2,5.7365,0.1688,2419978584.36,2201906503.66
334,20170522,3403.8492,3400.5882,3411.2387,3424.1776,3391.1748,92539559.0,99021121578.0,7.3895,0.2171,2427753965.99,2210279854.2
335,20170523,3411.2387,3405.0254,3424.194,3434.7662,3401.5338,116911033.0,1.26767856025e+11,12.9553,0.3798,2442998104.81,2226707060.92
336,20170524,3424.194,3409.7169,3424.1669,3424.1669,3383.8922,83553161.0,92620045547.9,-0.0271,-0.0008,2442194351.34,2225380193.81
337,20170525,3424.1669,3414.3992,3485.6581,3490.4176,3413.2246,130721631.0,1.36634020807e+11,61.4912,1.7958,2480598729.97,2260999586.65
338,20170526,3485.6581,3479.6206,3480.4345,3498.3148,3473.04,103241153.0,1.12585907354e+11,-5.2236,-0.1499,2481153392.94,2260884056.2
339,20170531,3480.4345,3495.073,3492.8845,3515.0812,3474.9215,104829744.0,1.1596872531e+11,12.45,0.3577,2491412438.59,2270366206.3
340,20170601,3492.8845,3485.2223,3497.7382,3499.8142,3476.4283,103127724.0,1.16088766249e+11,4.8537,0.139,2500296083.89,2279380886.86
341,20170602,3497.7382,3491.5893,3486.5074,3498.1189,3470.2017,82668010.0,92850747181.0,-11.2308,-0.3211,2492048564.43,2271121835.35
342,20170605,3486.5074,3480.1692,3468.7538,3484.1244,3462.3144,79738152.0,85609467477.1,-17.7536,-0.5092,2471801805.28,2251343106.8
343,20170606,3468.7538,3464.3765,3492.8816,3492.8816,3460.4534,64089388.0,77868793729.6,24.1278,0.6956,2484492912.46,2262512424.12
344,20170607,3492.8816,3493.8846,3533.8718,3537.0947,3491.1328,104419968.0,1.24189288483e+11,40.9902,1.1735,2510735569.34,2288545631.84
345,20170608,3533.8718,3531.2419,3560.9786,3562.2724,3528.179,90224905.0,1.12035619671e+11,27.1068,0.7671,2524196516.45,2301696988.32
346,20170609,3560.9786,3561.2411,3576.1703,3590.8872,3560.6336,101188265.0,1.21700586716e+11,15.1917,0.4266,2533950037.11,2310552331.44
347,20170612,3576.1703,3570.2191,3574.3894,3603.6901,3565.9012,90381167.0,1.17690802224e+11,-1.7809,-0.0498,2626911884.18,2301689820.03
348,20170613,3574.3894,3569.1594,3582.2674,3584.4094,3559.2134,75177138.0,94223084812.3,7.878,0.2204,2631669167.3,2304730485.8
349,20170614,3582.2674,3571.2483,3535.2987,3571.2483,3530.274,83810783.0,1.06105319868e+11,-46.9687,-1.3111,2602539267.0,2279046388.74
350,20170615,3535.2987,3530.7465,3528.7926,3542.2796,3508.9461,82632535.0,1.06053901141e+11,-6.5061,-0.184,2595225127.25,2270577304.05
351,20170616,3528.7926,3522.9745,3518.7611,3536.1401,3514.3892,76452707.0,91462286376.5,-10.0315,-0.2843,2586534529.67,2263438999.15
352,20170619,3518.7611,3520.0602,3553.6653,3554.91,3520.0602,79797141.0,98572358252.0,34.9042,0.9919,2603227514.4,2277944019.47
353,20170620,3553.6653,3560.7871,3546.494,3563.6964,3539.5149,80509559.0,98187595478.3,-7.1713,-0.2018,2600284990.59,2276402372.21
354,20170621,3546.494,3567.1256,3587.955,3587.9863,3545.5666,87859824.0,1.17147797136e+11,41.461,1.1691,2623476884.4,2297764818.85
355,20170622,3587.955,3583.5583,3590.3425,3635.5273,3581.3375,135526987.0,1.69418803351e+11,2.3875,0.0665,2628790328.64,2303392230.84
356,20170623,3590.3425,3583.4359,3622.8831,3623.2352,3569.3225,105129134.0,1.33975111796e+11,32.5406,0.9063,2646711062.94,2320398314.56
357,20170626,3622.8831,3627.0208,3668.0919,3671.9435,3627.0208,134637995.0,1.70736841952e+11,45.2088,1.2479,2671179506.72,2340793769.96
358,20170627,3668.0919,3665.5775,3674.7152,3676.5328,3648.7635,97558702.0,1.23057231694e+11,6.6233,0.1806,2673960702.07,2343088391.52
359,20170628,3674.7152,3664.1629,3646.1666,3672.1887,3644.0268,97920858.0,1.24465947132e+11,-28.5486,-0.7769,2656727241.96,2328656601.49
360,20170629,3646.1666,3649.2525,3668.8279,3669.1345,3644.7331,85589498.0,1.11847266867e+11,22.6613,0.6215,2671255631.19,2341861033.33
361,20170630,3668.8279,3654.7348,3666.7977,3669.7584,3646.2272,81510028.0,1.02459981992e+11,-2.0302,-0.0553,2674677412.35,2344056139.77
362,20170703,3666.7977,3667.2316,3650.8463,3667.5957,3633.7825,88820860.0,1.15214687872e+11,-15.9514,-0.435,2667936399.91,2339560802.9
363,20170704,3650.8463,3646.828,3619.9841,3646.8455,3611.6911,95071413.0,1.25350417552e+11,-30.8622,-0.8453,2653002319.77,2327223841.18
364,20170705,3619.9841,3611.8984,3659.6795,3660.7291,3610.4586,88232425.0,1.20351565382e+11,39.6954,1.0966,2673819966.25,2346347765.09
365,20170706,3659.6795,3654.5576,3660.0967,3666.7745,3629.56,102379245.0,1.32837126778e+11,0.4172,0.0114,2675448118.88,2348783932.72
366,20170707,3660.0967,3647.6416,3655.9293,3657.1131,3631.8702,103735497.0,1.23465392616e+11,-4.1674,-0.1139,2673265781.98,2345816112.14
367,20170710,3655.9293,3647.9379,3653.6868,3667.8455,3641.5277,120591910.0,1.41034626508e+11,-2.2425,-0.0613,2674604902.42,2349510050.4
368,20170711,3653.6868,3646.8783,3670.8086,3701.2087,3645.9946,118760826.0,1.45084363277e+11,17.1218,0.4686,2681820573.29,2357417046.86
369,20170712,3670.8086,3672.6328,3658.8236,3691.5814,3640.5893,122287792.0,1.43494599072e+11,-11.985,-0.3265,2674963766.32,2351258825.61
370,20170713,3658.8236,3656.3502,3686.9205,3690.4832,3652.5658,125669549.0,1.46388679598e+11,28.0969,0.7679,2694338673.31,2369154886.87
371,20170714,3686.9205,3682.6153,3703.094,3703.094,3672.7425,105514005.0,1.21021448889e+11,16.1735,0.4387,2702541622.7,2377027559.72
372,20170717,3703.094,3700.6179,3663.5575,3716.47,3621.3652,178821600.0,1.96217253798e+11,-39.5365,-1.0677,2688852379.34,2372445695.58
373,20170718,3663.5575,3648.4942,3667.1807,3667.5408,3622.0414,124622056.0,1.41472283974e+11,3.6232,0.0989,2688839214.43,2371515676.57
374,20170719,3667.1807,3660.8665,3729.7466,3731.0468,3658.2035,182477787.0,1.98392451748e+11,62.5659,1.7061,2723846926.18,2400387809.93
375,20170720,3729.7466,3725.1436,3747.8843,3750.1938,3723.0689,142410039.0,1.6926714994e+11,18.1377,0.4863,2735508802.16,2411499352.28
376,20170721,3747.8843,3738.1847,3728.5976,3751.6947,3722.0656,117941226.0,1.41432632987e+11,-19.2867,-0.5146,2725588776.49,2403558504.38
377,20170724,3728.5976,3724.3778,3743.4686,3755.1902,3719.8488,134868722.0,1.54701874682e+11,14.871,0.3988,2731246184.85,2409594650.08
378,20170725,3743.4686,3742.6405,3719.559,3752.1559,3713.2766,121672059.0,1.33531656186e+11,-23.9096,-0.6387,2726773843.91,2405287665.13
379,20170726,3719.559,3722.8761,3705.3884,3738.5316,3684.1819,136325210.0,1.46518004915e+11,-14.1706,-0.381,2725648157.18,2404915123.22
380,20170727,3705.3884,3700.8558,3712.1947,3716.6888,3672.4971,145002904.0,1.61631225346e+11,6.8063,0.1837,2727470777.9,2404731957.97
381,20170728,3712.1947,3703.4895,3721.8914,3725.5378,3696.7776,111411392.0,1.25817861948e+11,9.6967,0.2612,2732076187.87,2409503715.76
382,20170731,3721.8914,3722.4282,3737.8732,3746.5207,3713.655,148429039.0,1.60890133166e+11,15.9818,0.4294,2740804499.4,2416620338.66
383,20170801,3737.8732,3738.7364,3770.3828,3770.4043,3737.0954,152546539.0,1.73127578959e+11,32.5096,0.8697,2763046156.34,2438376156.61
384,20170802,3770.3828,3768.1938,3760.8525,3784.3511,3759.2764,172293383.0,1.89336782813e+11,-9.5303,-0.2528,2759891727.23,2440273327.16
385,20170803,3760.8525,3755.1081,3727.8264,3766.3452,3718.4351,146153944.0,1.647104616e+11,-33.0261,-0.8782,2738487108.36,2420528938.85
386,20170804,3727.8264,3724.7225,3707.5796,3738.7312,3707.003,157470060.0,1.68292664589e+11,-20.2468,-0.5431,2727709053.01,2411588404.3
387,20170807,3707.5796,3701.2161,3726.7948,3730.7774,3689.9552,124231530.0,1.34348537498e+11,19.2152,0.5183,2737997166.03,2421083065.06
388,20170808,3726.7948,3724.3287,3732.2129,3737.3344,3718.8116,137241928.0,1.46481868918e+11,5.4181,0.1454,2741251853.07,2426129525.54
389,20170809,3732.2129,3728.0319,3731.044,3738.999,3713.5668,124679989.0,1.37223598286e+11,-1.1689,-0.0313,2732508191.62,2418346255.18
390,20170810,3731.044,3724.962,3715.9208,3746.8614,3688.1766,130085128.0,1.48005169417e+11,-15.1232,-0.4053,2725420585.21,2411315135.69
391,20170811,3715.9208,3687.9314,3647.3503,3700.4944,3645.0945,150387421.0,1.61083470412e+11,-68.5705,-1.8453,2683492733.22,2374966344.99
392,20170814,3647.3503,3651.3754,3694.6831,3698.3663,3651.3754,115308451.0,1.40233894117e+11,47.3328,1.2977,2706848365.79,2394536610.67
393,20170815,3694.6831,3695.78,3706.0566,3719.2931,3692.2802,106444857.0,1.24790630952e+11,11.3735,0.3078,2719167496.59,2406610370.0
394,20170816,3706.0566,3701.1337,3701.4207,3707.144,3679.7338,104134141.0,1.27282165884e+11,-4.6359,-0.1251,2715322781.24,2402966566.18
395,20170817,3701.4207,3707.0668,3721.277,3722.6239,3704.4126,108656251.0,1.3702000292e+11,19.8563,0.5365,2730351293.18,2414923743.27
396,20170818,3721.277,3707.1891,3724.6748,3733.4914,3700.4112,96561705.0,1.23078163944e+11,3.3978,0.0913,2730680123.0,2415815873.03
397,20170821,3724.6748,3731.8399,3740.9941,3744.2631,3728.6157,100313073.0,1.23911716276e+11,16.3193,0.4381,2741524666.7,2425587183.37
398,20170822,3740.9941,3745.7543,3752.298,3758.2924,3734.5556,100292856.0,1.31131078398e+11,11.3039,0.3022,2748653730.41,2432722253.97
399,20170823,3752.298,3747.6108,3756.0884,3772.4568,3741.7204,104961573.0,1.2408115571e+11,3.7904,0.101,2754662408.82,2439410679.0
400,20170824,3756.0884,3755.8902,3734.6458,3765.7082,3729.0876,89947372.0,1.07736019091e+11,-21.4426,-0.5709,2742122848.6,2429580407.79
401,20170825,3734.6458,3736.2916,3795.7544,3795.9693,3736.2916,129940900.0,1.50697083062e+11,61.1086,1.6363,2799296118.48,2482452333.77
402,20170828,3795.7544,3805.6567,3842.7119,3866.9422,3805.6567,185576325.0,2.36446280855e+11,46.9575,1.2371,2826403172.51,2504897278.15
403,20170829,3842.7119,3839.1779,3834.5376,3847.9303,3825.7597,128227070.0,1.58978683685e+11,-8.1743,-0.2127,2824052886.17,2503349117.05
404,20170830,3834.5376,3834.2682,3834.3005,3854.7062,3827.8607,141352857.0,1.66235122004e+11,-0.2371,-0.0062,2820091558.88,2497554693.54
405,20170831,3834.3005,3835.8394,3822.0928,3840.199,3800.8861,132944935.0,1.57079216083e+11,-12.2077,-0.3184,2808857846.21,2485933861.78
406,20170901,3822.0928,3825.3392,3830.5383,3843.6176,3818.1586,158645511.0,1.82770431967e+11,8.4455,0.221,2804699663.12,2481347972.75
407,20170904,3830.5383,3828.5447,3845.6163,3847.0906,3813.5537,149566320.0,1.75551068278e+11,15.078,0.3936,2819279336.43,2495837182.97
408,20170905,3845.6163,3845.5451,3857.0464,3865.2938,3841.9514,124964155.0,1.45779755314e+11,11.4301,0.2972,2828725173.47,2503741154.5
409,20170906,3857.0464,3846.7471,3849.4499,3858.2481,3831.3835,131398723.0,1.55883314756e+11,-7.5965,-0.197,2825694675.39,2503389424.16
410,20170907,3849.4499,3851.688,3829.8713,3858.1617,3828.835,123884181.0,1.56113397125e+11,-19.5786,-0.5086,2809630378.19,2488355753.58
411,20170908,3829.8713,3830.0707,3825.9895,3843.0186,3813.9833,106036504.0,1.34958583983e+11,-3.8818,-0.1014,2806940770.44,2485659238.56
412,20170911,3825.9895,3828.3422,3825.6453,3850.7409,3817.5108,123883997.0,1.54793900773e+11,-0.3442,-0.009,2808454679.53,2486307702.67
413,20170912,3825.6453,3832.2422,3837.9341,3849.3885,3822.0037,144190242.0,1.8760531203e+11,12.2888,0.3212,2815362604.11,2493702825.35
414,20170913,3837.9341,3835.5493,3842.6061,3847.7841,3822.9441,95410785.0,1.26254360933e+11,4.672,0.1217,2816508892.68,2494782658.91
415,20170914,3842.6061,3843.572,3829.9554,3854.4931,3820.0876,115358583.0,1.43111639152e+11,-12.6507,-0.3292,2806552464.52,2484848039.17
416,20170915,3829.9554,3826.1448,3831.2965,3843.297,3818.5234,122427006.0,1.5347721518e+11,1.3411,0.035,2799704608.52,2477870127.57
417,20170918,3831.2965,3832.9626,3843.1428,3862.3589,3832.9626,117934405.0,1.52841028494e+11,11.8463,0.3092,2807436077.83,2482910741.86
418,20170919,3843.1428,3849.8794,3832.1161,3857.303,3820.2885,112432987.0,1.45528457523e+11,-11.0267,-0.2869,2803142501.88,2478279928.56
419,20170920,3832.1161,3830.1549,3842.4353,3850.9426,3827.8858,101129542.0,1.35041882371e+11,10.3192,0.2693,2808751102.5,2482944720.49
420,20170921,3842.4353,3843.2577,3837.8176,3860.7977,3837.384,111098192.0,1.44132893229e+11,-4.6177,-0.1202,2810304594.23,2486302015.79
421,20170922,3837.8176,3826.4589,3837.7304,3842.252,3816.8225,100619802.0,1.28360894859e+11,-0.0872,-0.0023,2809817009.93,2488732727.71
422,20170925,3837.7304,3829.219,3817.7915,3835.3894,3811.1192,103948976.0,1.35980239129e+11,-19.9389,-0.5195,2804431217.18,2487847630.86
423,20170926,3817.7915,3810.3333,3820.7816,3821.6928,3808.3827,81869407.0,1.01036334815e+11,2.9901,0.0783,2806614505.22,2490118040.64
424,20170927,3820.7816,3818.9646,3821.2,3832.566,3818.8147,85655811.0,1.09299492247e+11,0.4184,0.011,2804330031.61,2487637024.91
425,20170928,3821.2,3821.5904,3822.5386,3827.3308,3813.7532,93544069.0,1.15646338522e+11,1.3386,0.035,2804621509.53,2487597431.32
426,20170929,3822.5386,3825.2021,3836.5013,3852.2236,3825.2021,93306028.0,1.16056776566e+11,13.9627,0.3653,2809985533.61,2490459511.69
427,20171009,3836.5013,3910.1149,3882.2076,3918.8391,3876.0322,135535851.0,1.71941460832e+11,45.7063,1.1914,2836157749.11,2514360082.86
428,20171010,3882.2076,3883.0037,3889.8637,3900.7418,3855.4666,112532586.0,1.57979737603e+11,7.6561,0.1972,2840948049.17,2518030096.93
429,20171011,3889.8637,3886.8184,3902.6868,3913.0695,3885.497,104418151.0,1.44152740056e+11,12.8231,0.3297,2851984548.05,2528517474.2
430,20171012,3902.6868,3902.0156,3912.9536,3917.4435,3897.5472,94340921.0,1.23147248618e+11,10.2668,0.2631,2853042669.06,2530689742.61
431,20171013,3912.9536,3912.975,3921.0017,3927.1744,3908.8885,90142068.0,1.14314854703e+11,8.0481,0.2057,2855820411.74,2532016134.35
432,20171016,3921.0017,3926.2754,3913.4462,3947.4239,3913.3224,121355033.0,1.50823756592e+11,-7.5555,-0.1927,2856115302.95,2535110502.49
433,20171017,3913.4462,3910.7894,3913.0688,3924.6141,3900.4758,82241227.0,1.06708451684e+11,-0.3774,-0.0096,2852204840.17,2532588873.99
434,20171018,3913.0688,3914.8152,3944.1626,3944.4106,3914.8152,100969841.0,1.2642037966e+11,31.0938,0.7946,2876420458.64,2556955045.82
435,20171019,3944.1626,3940.5831,3931.2495,3944.0349,3923.6455,106527252.0,1.33189855169e+11,-12.9131,-0.3274,2872504997.4,2555205888.8
436,20171020,3931.2495,3918.5265,3926.852,3928.9607,3910.1974,72980180.0,94529636639.4,-4.3975,-0.1119,2869413804.1,2548886556.31
437,20171023,3926.852,3930.8914,3930.7981,3936.2729,3920.6562,81484980.0,1.00280911371e+11,3.9461,0.1005,2868353866.67,2547313145.6
438,20171024,3930.7981,3926.2299,3959.3953,3959.4951,3922.0288,93058154.0,1.20192150584e+11,28.5972,0.7275,2886209665.31,2564696827.25
439,20171025,3959.3953,3958.1669,3976.949,3978.0893,3954.0011,88205458.0,1.06820309535e+11,17.5537,0.4433,2891841972.72,2569044158.68
440,20171026,3976.949,3980.0479,3993.5752,4013.5988,3973.5535,129895465.0,1.70488618586e+11,16.6262,0.4181,2897221093.36,2573375492.74
441,20171027,3993.5752,3992.5539,4021.9676,4024.4645,3991.354,126672846.0,1.52974831071e+11,28.3924,0.711,2914806114.78,2593391299.17
442,20171030,4021.9676,4022.1641,4009.7218,4033.3394,3960.2698,157387603.0,1.93489838439e+11,-12.2458,-0.3045,2912730718.88,2593465014.5
443,20171031,4009.7218,3995.3935,4006.7179,4009.2828,3983.2565,109178779.0,1.42897206949e+11,-3.0039,-0.0749,2908955136.68,2587955244.78
444,20171101,4006.7179,4007.9116,3996.6221,4032.4581,3991.3235,130417380.0,1.66477138571e+11,-10.0958,-0.252,2916842774.53,2587860437.97
445,20171102,3996.6221,3994.0946,3997.1343,3999.2262,3971.3761,126100579.0,1.5198136364e+11,0.5122,0.0128,2915710545.1,2586370620.54
446,20171103,3997.1343,3992.3496,3992.6979,3999.3373,3963.0263,129404439.0,1.58142056585e+11,-4.4364,-0.111,2910095776.64,2582910638.01
447,20171106,3992.6979,3989.1824,4020.8896,4021.6382,3975.4069,122081159.0,1.58911861111e+11,28.1917,0.7061,2923418050.78,2593456997.5
448,20171107,4020.8896,4022.4018,4054.2465,4064.2178,4021.3639,152116663.0,1.93990974032e+11,33.3569,0.8296,2947609245.29,2614855880.24
449,20171108,4054.2465,4051.4935,4048.0057,4089.1457,4040.5772,150827719.0,2.00949740671e+11,-6.2408,-0.1539,2943258963.73,2610679184.64
450,20171109,4048.0057,4043.0663,4075.8998,4076.6102,4038.4004,121056335.0,1.59247198176e+11,27.8941,0.6891,2956153255.42,2622016915.41
451,20171110,4075.8998,4070.2763,4111.9112,4116.7142,4067.657,141817165.0,1.98869833811e+11,36.0114,0.8835,2965068465.81,2630420171.09
452,20171113,4111.9112,4115.5507,4128.0733,4137.6455,4115.5507,151446309.0,2.05930794541e+11,16.1621,0.3931,2978889126.1,2644952867.08
453,20171114,4128.0733,4129.2736,4099.351,4133.5462,4086.8903,143236936.0,1.99605009025e+11,-28.7223,-0.6958,2960262599.69,2629913800.41
454,20171115,4099.351,4084.2131,4073.6696,4102.8071,4055.7167,120635696.0,1.77753075436e+11,-25.6814,-0.6265,2938584402.8,2611322450.24
455,20171116,4073.6696,4063.4943,4105.0122,4107.617,4062.2734,121384414.0,1.7290388058e+11,31.3426,0.7694,2945452933.77,2624391746.35
456,20171117,4105.0122,4094.0787,4120.8508,4122.3756,4081.3723,191784119.0,2.53079314045e+11,15.8386,0.3858,2959674109.52,2641135390.98
457,20171120,4120.8508,4093.734,4143.8334,4144.5144,4060.9636,137447258.0,1.91589637482e+11,22.9826,0.5577,2977044809.54,2658227648.68
458,20171121,4143.8334,4131.8482,4217.7015,4220.2636,4129.9783,180350821.0,2.53302199628e+11,73.8681,1.7826,3013314559.84,2690703796.29
459,20171122,4217.7015,4228.3721,4227.5666,4260.6395,4191.145,186477003.0,2.5429836169e+11,9.8651,0.2339,3032387836.23,2709675981.99
460,20171123,4227.5666,4213.3781,4102.3966,4214.1895,4086.9018,178147228.0,2.37536704704e+11,-125.17,-2.9608,2953293492.55,2639572853.6
461,20171124,4102.3966,4089.4723,4104.2034,4116.5942,4057.4894,130858040.0,1.82912191367e+11,1.8068,0.044,2954451549.78,2640419425.31
462,20171127,4104.2034,4088.9318,4049.9475,4088.9318,4037.1457,143455268.0,1.83004551222e+11,-54.2559,-1.322,2919261150.89,2609726806.17
463,20171128,4049.9475,4034.2057,4055.8235,4056.4753,4010.2955,102058095.0,1.35539647289e+11,5.876,0.1451,2919587296.05,2608324316.92
464,20171129,4055.8235,4061.3545,4053.7529,4069.2418,4004.687,124553642.0,1.65743341284e+11,-2.0706,-0.0511,2919546678.04,2607711600.39
465,20171130,4053.7529,4034.0091,4006.0993,4052.797,3988.0018,107983345.0,1.45829948321e+11,-47.6536,-1.1755,2893194881.02,2583973646.3
466,20171201,4006.0993,4003.5604,3998.1365,4027.1064,3984.3776,97386913.0,1.36010927567e+11,-7.9628,-0.1988,2889668373.29,2579179706.26
467,20171204,3998.1365,3989.0466,4018.8571,4032.9859,3982.3182,102647219.0,1.38223055525e+11,20.7206,0.5183,2899025925.65,2590751418.42
468,20171205,4018.8571,4007.9361,4040.1704,4045.9331,4006.5432,154087076.0,1.96337660258e+11,21.3133,0.5303,2916775566.17,2609469574.37
469,20171206,4040.1704,4027.1231,4015.8211,4031.7533,3964.8087,109286205.0,1.4411495418e+11,-24.3493,-0.6027,2899317231.73,2593734956.81
470,20171207,4015.8211,4003.5826,3971.0569,4017.9465,3955.9939,90254045.0,1.19651201504e+11,-44.7642,-1.1147,2870233775.9,2567270944.51
471,20171208,3971.0569,3962.8288,4003.3792,4014.1387,3955.44,89282861.0,1.24371230332e+11,32.3223,0.8139,2884892862.68,2579560968.21
472,20171211,4003.3792,4006.8784,4069.4997,4069.4997,4005.2687,97148946.0,1.48476588468e+11,66.1205,1.6516,2973678763.7,2632461224.08
473,20171212,4069.4997,4068.5053,4016.0163,4070.1503,4015.4546,84338718.0,1.23515183182e+11,-53.4834,-1.3143,2936827801.03,2599020707.84
474,20171213,4016.0163,4013.8319,4050.0927,4052.6878,4004.7436,77546131.0,1.1500638336e+11,34.0764,0.8485,2958200728.47,2618923188.91
475,20171214,4050.0927,4050.9028,4026.1516,4057.6245,4013.8546,80768862.0,1.15086944924e+11,-23.9411,-0.5911,2941938511.7,2603304518.6
476,20171215,4026.1516,4018.7313,3980.8558,4020.2668,3974.9277,89044389.0,1.18474144231e+11,-45.2958,-1.125,2912924521.95,2576433489.08
477,20171218,3980.8558,3983.2965,3985.2914,4008.0688,3967.9343,77853375.0,1.11724349856e+11,4.4356,0.1114,2917458196.48,2583712376.45
478,20171219,3985.2914,3985.8233,4035.3294,4035.6296,3985.8233,77528985.0,1.15998204342e+11,50.038,1.2556,2948985497.12,2612126925.68
479,20171220,4035.3294,4036.019,4030.4898,4044.8485,4015.6285,90604503.0,1.26812878124e+11,-4.8396,-0.1199,2947007987.58,2611831857.76
480,20171221,4030.4898,4023.076,4067.8485,4080.781,4014.6526,96836089.0,1.37819520871e+11,37.3587,0.9269,2967082862.56,2630064985.16
481,20171222,4067.8485,4064.9131,4054.5984,4076.8028,4048.4913,73473684.0,1.04426496022e+11,-13.2501,-0.3257,2960581520.91,2624607616.37
482,20171225,4054.5984,4057.4173,4041.5401,4086.9342,4026.4496,91926962.0,1.29938839152e+11,-13.0583,-0.3221,2951800993.63,2619694483.75
483,20171226,4041.5401,4040.6173,4053.6224,4056.8554,4015.2996,91118790.0,1.19725100617e+11,12.0823,0.299,2966434732.03,2633471122.99
484,20171227,4053.6224,4045.2793,3991.2075,4047.7366,3986.7385,105153577.0,1.40516907102e+11,-62.4149,-1.5397,2931816779.46,2601718310.7
485,20171228,3991.2075,3992.997,4018.8974,4036.6975,3980.2358,118542886.0,1.53636695762e+11,27.6899,0.6938,2956490910.6,2621304719.57
486,20171229,4018.8974,4022.8826,4030.8549,4043.14,4012.8749,90486683.0,1.21257038529e+11,11.9575,0.2975,2967302753.9,2638082556.39
487,20180102,4030.8549,4045.2086,4087.4012,4087.7789,4045.2086,146935435.0,1.78402032874e+11,56.5463,1.4028,3007371811.22,2675437927.13
488,20180103,4087.4012,4091.4607,4111.3925,4140.0543,4088.7302,151852218.0,2.05726889556e+11,23.9913,0.587,3025456930.18,2691156020.06
489,20180104,4111.3925,4114.1213,4128.8119,4137.642,4105.8858,134543794.0,1.74523556133e+11,17.4194,0.4237,3042145030.05,2706161297.63
490,20180105,4128.8119,4133.3439,4138.7505,4151.2818,4123.2817,149009872.0,1.85206293226e+11,9.9386,0.2407,3050057593.56,2713294575.14
